{"F7e:ZQ>U0EyAa@zS/V(r":89748682333092550990075962707828752368717.4330746,"ywm_UQM5*64Ck?`|H)M":[148541158782278703,"Tz8(`!n",816830383849863873935528507884.52164033827828894407354880381128,584521439187698667,null,null,null,9111082.42830307877588883745906,99561868446845498541.6909428070901511251986458696888,6024,true,762586872294428498155.51787191309989100218,"uch1?DOmK0wHDErJRon7fpIMn64q4ABcBo",null,true,3896536679887884235852787.638483122522010265253207460998183869,true,"cx&*%DlxlVJVL;E"]}