{"s@5qjwjx%vH^;:bHQnJXcF(*eQ*":[834308,true,858159135720884892066979658945884,true,"7gWi%azok.~~{tX7l4./;V#'M6KtS^Xxi>;h",null,null,false,null,355307660897610125058885888280691702.2865854188821282278063,null,72433828358284343250973.1979882653720,863167569587691894,true,true,")_7CimhtRuiBuEdu40Okch.o&evw6LoQ/?htr0P@",38010,null,"ehr;meNK}B~zFViV^lB_YJPiR)p#aary'q8{xQ5",48448239971302428630792249953784418,9501856385357840398884899077822996548,null,5.4240138544747500067211,"Xz/eC2!Ry5kT8VqZH_3`ka?enzfhQDP",false,243.8554768932,58712184874653090113856518835147685.1878829232287434570698614623553677,null,8855326861224769832275726045,9216885178590183479189144691093802976882.787,true],"sEeSc*9O5|":{"+D!B8S'qc:)":518993457693804192357385111,"%F)s5{>T9A&nafQKc":170360385201009,"#zxmfvi`X_hnR:zjlSEdNVbzI>#eg)p&'":"ypN4oC1*2ic'QTcs5Yo,J$upiox","Wh>,%`GG9<k76xbqQ)}?A7MGsz4%Rngq`O&":7808820735240959837416473818273905814804.87674063543547849433765691288798,"=>7buz|^PYYVQEv*yD":"(n?s'zay.Vtszu?USq{qVB","WO*~u8zT!7m>11+":null,"!Yl;m~#o9hV@YE":true,"@":80083098647556.8179514772144628126,"A;kf_cx$Z1z(!eBcDBgrs5?@:v)de6^{":22336883,"MrRvnirFy":false,"I~Subs(wR@Ezf:L_>~/@zt.|q.Y|sd:Ii&ixw":8183375346898285956673595626387482499,"QgI!vb;I!8RuZ4;L~Y:?Or=;piLEs8G^lvW":null,"}~AdRIzV@8.XEo#H<9)Zn/?_+hT":10508734833358388.10349846774251818590866586028985075452,"}@E|YJARGc<*Z.7b%7zEuYo}x08j_pn%T":false,",R)Vkbl}CJImdqaO":true,"QX:wbr":752609984.85780448943088868583715808850655357162083,"*64$b7IYr*lWe5":null,"2DFw`ZJ>k(t_S**M|<6hIP8xQ?Qn&#7(e^":"$","$":false,"#;`Sw)'n":27182,"rihLH8W":21305280990,"x7Ba":40813568,";!QS:":true,"BO=/Pi%}?IJ7q{1Q)l{ckXU|k(Sfq1/j+":false,"*6":null,"#q)I":false,"%rsj2uNrrY=":44160098375429311578618315367052719,"w%l~":"*xecUDw6al3C~)4p3Hp","Z{K6f<o.rG;JJEP2hw$":false,"~a=SC(":883881014741},"/,OCh":651028722473}