{",Uj5EJ=wyT{wAV>J|fdEndN_hg3_":{"oVQiM//}":86411013.4521469414793027588,"^@zcqm2EZy":22628838473780993998200817958146.675948598596016087982183108,"{?~,!qIVzU8C@@Qt#4":null,"MWbh":true,"M1?5N5qIn^,h}V!":null,">}4n!09DYFEPFfGe":"8:OpZ}M?/Yb9&oNPnP79/+B>Jqc=|25q;","C&kNLE<q`Tc);_deX":true,"O(}IJrS^/EFEY0c@Yp({Rz'>&GsUlFOVM1Z0<":"x=`VfZl(7s0&wf;f1i,UWIxiy^gWhh>xMH,V","MLv*(K8bUoW:%RrCG/OnBq:}(":37466.781178598503587844829,"p:Xfv_ZPEKaO|F6>G6c^=}_Yyjq3.FHh":8972508034134431875.73757977773353212848884338758344937876,"XwbyM2e}8Rds~iO&fDNSQwuTB.//.V<8%*":null,".YM@/^:Q==2(8W.":45708009659743891638926200402,"mu/vTSJ>ctea?RJ2gy~@toLw5y":"K%x,yNP","rjz+g62`Ej8KXie:TY>&z.5$x@p":false,"rBb5cqf":74668009089984006095046627112659109273.86128248829659243987341484866889528,"&*g}h8*y":38484259341282580471538905623508578685.88270185861418275626668786,"3D;uH9Gkz)%W9z'6,Ybjo.>F6A1>":607.85852056482668745526948686,"F9m{4~t'&asT!6%yv{(F9":16391.815,"vqjL2v|e4Z*FU0bVmR`2nB":null,"L+)aBG2>ow2'YN6+^e`":38388897892471937534366882.381192086118846238601148907981587682180,"a0}xLwL<":590467902031167483684848900,"xgxncjclB@+1d6,3h_UV'y3":null,"oWir|#DQMV$_q02":true,"8$:'k@&u%F,Sq__ib":9462768662088595011853367.8486753552828947056148603384888410,"f>fE!y0OkKQ%4t<*B<;c":153951172586618488688696218986739868,"hL4P4m5N":null,"rhvN@V~bFr}jg`6IN{Z44w3c=2>^3.":141,"aX?$se^+'gJ!bn":null,"gkJ5>HdZmIMY}10G%avf|@;Qr)htm":false,"(pPBKX_2thJ,%aM2<S496dXa4qh<wMG>E7M":8833169325830007343113708538,"mmap9L5QB=I1LgcbhhM":true,">.>_ool>q46?u0KO/cE5evN>0_F|":"<Y)q/r<z1?","O*aNOUlLIlr^QvPKS;FN":true,"35x@T{g?w":68364910365039984,"WxMUaS2PoDFg@wSmbjl_:xUI}{v_4#":490574152485173098597967687182017997.82907466,"Pp%6@vzU41":"ttY(xnglc#a5Kb+;wR.>t7(xuWm4=MVI","=5^R6j~lgME%*CRN|Yfwi5e*;~7<`G(f:L@":false,"@":null,"!<moUOXQLw3yx;kTc$I~xzTc&@HbMwLy|":true,"GEaFrj;BFF":122154988355464.2824819261564175085012150512681,"65hUOw6jz?L.:X~/';iL8z4}Kn1%lTz%,s":7587328066789291622893.9345815115574598108}}