{"u@4,9~%E$lCFF:JiC":null,"?3L#%e?L$wRTJ,Gn<}+H/@V00@V":["j2X.*(UrPHo7mD",215762273892629302119.43508539427887098528823,"4(^Cfyn2cAR/)`w/zsJia9AR=qQK`/",87858.766223481262682527608239443866,218232,null,true,")_9|X7~Nj_m",false,95429968020333436878926707.19588796807496,null,93737458280111594296894.9890903827549098,false,82118320525308224202278803428753,true,558962918364106252953806856883193,5490414080384872861388673794,81836797988008409.63731034482187436769,null,8791236428955698183,8051612886951821915382735848568959742402.1,"{|Fl,3_bo,>_Q=e8",null,25,null,true,8667861565976581387720,true,33709419652742073868046315112.32908983389,259372215277061,true,"PS}Oa#K3VvK5kEfZMg_&DE","L9.7jA6Z%dlMv}&lw}pJ)B>pb=EAWP0>LNnM<v~",8774702639982462848800088698641028108.7722840447013892010487,",5%1*nff`@|Z(s>{Jt;B#_~r=K*s4`<'@/<kE"],"')d+Mz,X6'G*(&0cJRseE03{b":false,"m^d0+3":{"<Lf}Yhu@#:R,4uFuq7z(j.<i":7548451282374865531956862988.9595836364781857300834188,"Zc8L>&zxcF3^FcV0rii}m~|yt)E#Q":false,"CGmvc6|~NHd=CMphaY<Y9JI":"h$Jwi3^)yq48ZX`","c8<}bI/X`p%Jl%Q":true,"_c'o08*R!;8*Ab2QmI{e#(":453762571840300614689756035292728,"&`<UqNL_WPp@9+1!4|HQ^!V":950848481813948332016784705289.548843789303824357821575645849,"x,Z=":true,"4g<#yZW:,}9mn%BuY>^*;;<fvWA^ey't&'@1&6P3":8693,"lO%S95xIYH7J|S5w2u#XZdH#<jFSY":false,"My{l>jt^?~":null,"vdwt?zG4&zMD61{xJeA9E~.o3FnJaXlJ":3119954104,"Z)u@a9u)SGO":null,">fV4mcsL(Y?9qRTbWaYILXFB;2wV":null,"Ydiyk&&W%Z%v&Ml":43039,"t<8<":"ee1'A7i","%Whe+vf6qEq9R$DI0O%1F=,X'#MG%?":978103685851227975898887221823.473763268401841425,"e":99833273083982,"%:'yV|xMqB6":328084.4388731478588204740824122,"k!x^tC?q{.PGj*7@Rg":849423788.820484985,"#A$MC,#SD?lo|krL6+RLX+y":749869570942448405984040898.62,"CHpw%BIbx9lN%igUxc4X2":35010034958401668,"qNnMHKRthpS^0@;**l!/unq~RNDd2iJW@(E":25327296930929087367,"jK<cPSl5PCN6Lc6c{}o#^.$@5'9)h":false,"P;*mzj>QVX*yr.93g{'scEw(Am.5OX%~":"G{M>SKO`6VDo/k.SFLWQR5t","Eog,eQu$|u~:dRV*bQh&}hx1K5b!3L5g;VJ#pY+d":469538664215182262499308108583300888,"^FHNC514iB$dphhYM?VJ:Y<<G~8p~Ns+_~":69224773887048848286961169870988952.8138436288149639425839232382860,"y?anJ8zi3v.o$5sCV":null,"(^{":952945180476386056774805128.86829264475898394048693244473962,"zllHq/TD.tUNdAwrhK{ivE":57641141845841237607882475377619855181851,"j/*Mgg%S`~IveaX2`":"Vi4zn!hDqQTF>7{{%<NP{Qv3sO","{Zfv>m<nOdj(}_@YgepD%*A`TrG;iDvK9;#;YlzQ":4918218555286072,"p:BnrP4G@C({*/f,WTR":9881936900534241855083.76226316541891808867000987654813263,"+?*?d{":30089,"NH9":946381750278688172184810888782128.28602758851912142,"7qHj*jw5AlsDL^/&D":4743934463.58772906725956605683154378089805801,"kNb,`A(,+(tlb)":false,"'$)19RdS/Enz2<nrg}{0.)y:By~J*Msa7":"2Yr{GdlF44{tp{Wb@@{Ws",":|J)3nark*G<":true,"SiEo>FO?*C1kK9fXsHCI4?@.}'a=%t~L*(K'j;":13920477165268059240824096782368,"s0}p2*gpG1jE^}9^(z(WnoRS|_pnK":95785801914559.2831883962565710}}