{"O":428555920748648801.7755349640236,"*(mi$JpkHG|IQ/`e^!>X&~8oQy/(>Kt4ag`)J":{"=sHFE<h{N_,GHt:RE+<tA&4@V=,njbJZNI5mG_/:":null,"~?+0G@hZcr3YI'N&":"o3!g?#)W}r0kWi}fkOR<>{I1DzWMK","a.KbWrz3i^iQ/":null,"4TQQPSwkW?*w;&.T:W5aU0'0FS+n9Z28#v3":87098081,"6QT(#$RdGj`~Y1PpSl)Jv*T":null,"67$1CC6%>SR0_e35Vn$aXrip5TWv<@|aLgHIV":false,"+>jCq_yazzh{8__i0^`t'3gjS@l5r+s":false,"%0<GUV":194365746962055543481,";S:LJ.P<VzpNX:c/kOZ":42482085966931017837309526,"ij7TB?!7~":64555140912188862789487578391264968207478,"@Hvzq;E)q+vMY@2YwgY*)82m:84/<Y)`ek4":721968302.233168366519602470849445,"Jb/K)_MoGJ":74682968878664589728881356403,"P7*2hufq4s8(#vi>)MieA`):PPb%9i":null,"i5h(Qp)Yfp,5?vVH5,5":"t}>ut!at(&8w42$!,r%xZl|zv}U*CEYXQA8M2","UOA@~?=u?J7TMY#eWX8":true,"0qC4MsFu||QkcAh1<askil+&xT/auyzJ":"tZYjXlP*$3ZL/TSr73mj;}0.x<v","O_%JZ>WOXd":true,"BR5WyBs?*qTh(Jo0ZF&>pQQfLgzX#'>S2F_>VP)":205244813639419873188374110902816089831,"+d'>eM=pyQ5U_3QI~Sw;2>:Eo=@OPu4?5/2":true,"x<V?*}Z":"S)S4W*4#X","||ZH9(|p~":9018145836643515613164849695432828,"&>L+,KL0CpA|<8~je!d0oelYH&b":"27yJv>iEi+ios`tS:5QL%Czf9d/f!N*_t8P=R+!","$rKjm'z":false,"^>gDhplK/pb{8_}o?fyVB^.acv%75uBBWeY>xxY":1696187966406878613622163186770894042,"d5e8p/J,e15^5":227535558571,"haj60>8%BMS<?yWN&:sN>0f2^bRsjlgzx":true,"%*'RIR3D8=A^$M3=CauOp^z,DWAz~b+":"}c7>Q&uH?W{/5MBYCS9Kv(<{J4D7Jonu&pdz.","Cn6_yfgC&ziymohtY>=`vG/kz6TG+V;q":40308974512987478390.51},"$W!rDX&1~<.&`*%'*'EvA>`u":[true,7840434457794418,"$_%/PdQhtl{'SKfXShc`aWM",false,null,null,true,"RV>LHhP(lG9N0N.xaQwP680J",null,false],"?a!az,ms_/6?J$Zyb0@%7y+{DU":8136908844394847853880487.1877483781264387689323309,"NN&qF,Yx>w(FR6D%yTi7":{")xx.8":634.4540202734411884865783084208180024751736,"e,z.*fQ@*:}90<=w":652648505584856708461650210295.48955887459888618128,"#9XU:(lP{u":true,"g&xI}}J5Q0_;HcA'D#,":"s_|YG&:P83PGT0:#","te":"4g(ghij0^Q6QC=5Y#Ci3,~UwPbTyZNI.upzZ","%%5":"Sh$TWTje@?~y2tx2<lV=/rw:>arvPtE6DbKvV","(ZN8;QA|!l$KJX:fTUn9s)ZxRI{#@x5bga":null,"+.Rz_z/9'LVi?hHTJ!e)":null,"I3ji$":false,"/":384746508873839154829186420.99327550854,"TcGoOT6g/Wu{JwnYy9jOSD4kAJ`TwuX*@eE54w":880456545411896,"!AKL3{NcMP<s5'":88285767267410641845566896980,"v2z2V+ABrZy'":false,"o!L7OUj*":"Sk8T$_2:E5tlcctYB$Cg3z3AAJoHb#;6","mQr!t}Kx&NP*r!1?v'!<9r":5301997814188.17982505468233793824881045659274116,"DL~w.OWZ#.qyG24=pg'LOrn":187586718744578348640059351.737736838329323}}