{"d&815":727822225358595128805311556233806919.8396375921732,"6w0;2w@q@Yr3ve|+C<p":{"dNXz":"UDz","+^)2PiG@mb1zm<:Te7ojyUw^LHN^Xkh_avV":33889546489834,"n35%d1ng+lM4ZfenRY4@sGhgo+19B.mG)A=d#|":"Vl>Wc,WzGWwx>vT","ewso)na(!P":2087848631450089792758998225.4380124399731,"RGB'7cxnYTQh(3)<<WMbZXc&*gK28J0uPs":false,"h$YKlxfv(jEQ/p~cVlhaS`M+):vREml":92300851749628447978418130818.906788286554863804182890774,"%N9B6G:":87788709683308911175657608743894397683428.9372844053948862468869261549689330173841,"X')QD4j^":8367806425892586981134846005617216.811138,"Q=HW%o&ALS=E<%O~SUjYR!h1KjL.{/":false,"vzwi~0Fa":83.2971687893285385077085899,"=T$kZ6":true,"Fz`J0*3J+1n#R}":false,"<*pz42vV/,53'_<+8vBqSjnwYD@gc":60274105358232100404207811657385073,"S:djr7a,(Uq%2m)~1o{N02m:AZK":true,"?TJ;?JtUqEWp8iML!_d!J)=sH0ya_e`0$~8&":";e?4dr`2l&MPi(AV54)q","}40Ipt$V~?O%DHM":877389,"n/FR!s2w9%7rS:F2f'W^E,,NsJ/cWpED_n":88188229990827077589733844.80622813389838379885692801142388595049,"5aZW7hTT8N_?>G{k":"v4AzM","{C)":false,"%.GbT5(mwD3y)~C=cLY":13.63217,"^HJA*6u`_=B=oVcND/`JS_$h`xXt$8@":25571758802250807038473450.94585240,"f;~E_?JdO13!o^taOA":"5K/","?+3BnJh(kS3oo2mwqZk<0PRtz#siImgD!:Y`":48369958714.8}}