{",#8^c+BRTXkDLh683,%@vDXq{Quwl39lkQ,":false,"RRmk}tAdzM6M$bVpRpnkhkv:oH~+":{"U8M4CK$'JL`k?Yb/_J_j@b&Zvk^u`+i":null,"C9h'r{j(i)`{ipW#U5M7y|{CMy&NFcGZ3M'":null,"d#w`s(NDK7Bj@}978VND:G2#C'@#jqfDIUbvmp":"8ReF(a./0ZQQp<9aWxVanzDF0_|?(o|E",",#dhgZ8=NZ+>.)=h&l=oO_":true,"mzzlC@8E_ogH1/P.i0!!84^eb)T&88|":123276287358703.49845376,"j_kk^?~tU*e>bfp<gSEKR#`nnk.J?/'`/oA":518.886144036078187276323008889955,"Y`#,/2OX1)}@@%,":null,"DM`":1664924322084630.98493707204288105950829774160790243890,"V2|3S":55002688031189457,"T`1PmKV*_0&7K^Eg25lAi":"BDV6SxLHaIjZ1k9,HMQT{}baGxKTP{>s","bPgp(4C1D1gofD@nL@phlo'vP4,PP5A_f%JT|+,v":3470988900.99511889466898543400196036409840042533868,"J":":s5Iv=Z27HoX^/^C.W?Y95OibT1G","s(Q!lYUl%8TT('{~dJ{$G5%e0h#*":85794793186820161958.16721520391518,".FTl)#=@).Qim}_5a*/oB&6~<{e*7v":null,"cdM?,pC*TtprL:_h7ToU,0`a48>Rts;(O$gUL9O":1695135247886334254110861785644900.782245,"KPiB#*":null,"+E:k()tg0{GLa_F8K~hu":822719845548095828,"g'N$(OE`)j}":810505041199275383575202016292042975.471285023865288488810,"@":true,":Gm.W#.(''6DtSDV0H2LW_>Jv3qf#":null,"U|A{0c1|=WIXQEeekzUCbw:?^Q(9_2hXa7KA=#":258108182250201242374146041,"MG8lh":true,"mhRp&4<UFi*_;E`<toh)lGV}8ibvzmc{C":false,"x4Gh!Uz.`gN":801800904688888636745318915108985347883.65623091314809088168877278,"(Z#Drg=O#~:~5s_3~Sjs,f>PbSPDG":76876559.81183878199073098856668545674432676233353,"i}R;'GNpnjSVdB=uw#i8M{r_K}mb2":null,"!D(7VndtP?^V#CYRb'7Bvms?mtdR|%L":960823377211128721048082267169.9858783927988681,"Fr?)hcX%v":true,"`kGGhAA&qZiw.umK|#HCbk(p2&P8S9m=*(w)M":"81JSfr%","{F*Ch`/ERiM?M=8":"zp&1.dAz*","|)SjVoOi14f$*?p$/uHvZG<aNe|u9U":false,"KLb!C":"H(|CF/|J","UCo/}w#:O<c}RlTg^(H}|~vDy%Oq1KJfByC":45}}