{"^5q<Qb%OH6@!$wx=g&N9+":63219067456678886159214110675818,"l.|Srqs6=dI/,|qM7SG8aZ6qUU``Z^&.!JIIu":true,"7WiJS1}":{"+pbF#rkpS)}t~c(19=OTBAVA":854616116878103,"#dJakQR!Ti=C%,r|CBzH{<RB,`p1oZK7|>Il":false,"t6*":false,"T!VIRHW0V>sL!t":null,"^{YUsIJRBQoaFT>=":"?<0)yjQ0(lNl=Q","qX=p%xT_b6uv":null,"ii:4ZE.!+lr*":4390268097564393170485826280202798659,"&)17J{zAq":82030886.83234558022689376897,"0`uNYF{~2}s*LnS&W'<wry(j/fD|8Y":"O.O#vj9xP6X_Xx1@D<+Dd","_2|Pl/LFErp5.{s7)X)A%%1o?0{)#KMt":25352961828189952668852874,"<c;<1*i#Szpf+6B&9rVWN/,VVlHnYg:(Kl":30.4487182531870354,"Wyx3MEDXbXk2&@Zi#Kn<=0,C#>u2":null,"FmLztau7l95ll_2L{*ao?AF8{ZS":true,"l^7b5`^LdXou4>9e":81780844322777158845260280923740529674.35255081329186857811871133457606,"msG5up'hxD{BW1=;<uz(~C6kM)+m4":null,"{(p!yg.s0274'|wLXein)":null,"kUDNyloj?DK=":"OSJ","tBO~=g_4ZomcBg(qqoz&bjgU6*cI:TbZ2_&C*cv":null,"qLB/f2.8zqAw3$p5tJydxAP*8,n(S#5LV?@8":8092505341087912343657705908209427337007.13875635920,"HQb~$bV`3{ul&":211031831772489999298,"0i=++)Ly&62":138452510608898642265.18,"B=ASx+jzU}~3'B/0mSs":true,"ag:FwlN75:HkTv!xkt#G":null,"9za4^a`)ujh7/mfzH~yJ{EW3(s7{%":8124320985879},"%_@ZE5NN|*OPJ":[false,88003850051044894798077844930190.8130090884,false,"$i#UPg4@84@#N)kac%*:|","_pmRn&I}jVBvf~Jk2$=lM{Din",81856507555,"uF#u)amUaaG$ZCN@k^(4|,Zj<E%_Ge&?9^L*C",19135921906594886038321417400809.8598847753582,91583038887268738183324848986161480148,false]}