{"Vs@!Gom%PTpfGc;!HY8!^c)":[35115388398272599.5623504768936428878,74346484438058998.89825340841740,231044950880813533498352585258287882881.2,9321464138039768292961657884286488813451.55090228963316268207016208906799750854,"(kWbkz%Oa?Ow}RbwVy9iM!W=u+XwC`1|mns;A{'"],"(%tm$e~zLZ2!<@^='>3,":["(;,%RzXqDJigY$UpDF640FU_c@1)UiN",null,"bHfA+WZ`Xs#$~z7sb",false,4498443975938781,48786200715505801776483328712558262178772.80898764,9488289169688086648998412,252437085755637298949809614863840180.91,true,685834011054797888531863278186894751.89215880653,8779282400968724810862434178945149578.867475085209942741173478718520,"Zecz+uSh$Y5Y(",null,2586763307117715537908377315367193963392,85461718978865246952862712223793700618.8814,9090873403666194418664498623148839139328,false,null,854375837709807561,",BVw{NLbxj>FqiZ&IG#@x:;H<HQ'%aUY",true,65852175606285979728604301145480163.7673118],"2Y":[true,null,604839984.87037588769632147,2584808448383272517798900883.491558,"b","2?Og85|:"],"6>t/#.=+":{"+S,_":8878.353076702935237,"$+)~ozYN`KJ&fICa.p@s":null,"T4NBK)jj^4>Kw=!j.8+HbNmI":21482787453082842888.9815182272347390914189840228310443628,"y/l":6278512873579.4810853,"k'j{X#L=)7;44v":"b#dxd@<*_=mdIA;5?1c`3sBy^Vf@","NC9j)&vA:8":5846446866258058899065888949431806746632,"1e?'?psUM:Fw":113749405479684868477093143790760.86998292124098367494,"~Z_Yk!2$^yyaV":584305255872558446119943287,"qN6nTKdJ4g":563411793409.80376083829244261792398155297,"{,B>A^y7)'Q9h#X_Hwr_YtoV/=z2mZHq2o":2209069980520785152858268,"b:G`/JwJW":21779456282808732607816,"bV/mxU%o*WN?u>fu7;?a7$IE":8123878901.3847691422588318977980763711328,"7}$C?fq~;teS!C!os2rEGOY?yyBL9AZuZ_XTrQ4&":"*{dZUZ7uN2Lw;'","rOZ`FIP^q99*7Scu.r10a":false,"f|9$S}jpoMHg#":null,"S":true,"Ef_:9ldhuA}e,4s6H'oWen":637429551867947268383939239967,"rSXd$LwP`X)aIs~)_*aU>S7N|?4*2Wl#Y{kt":93250184844.3634280536776520878287,"Q$ZU":72323791835712319873.23258712589967,"4w384d'AFT:y||":null,"9Xf<T{flR%#?wrV+1<ZCYx#j%c_V'x1QBf1hTO":null,"g=BFU5OH?YL2PbQf+`yv":1888801272934436117.99682166058366763503580820848845876,"S#VUWxM@>daQaDc*FR^*)9*hX(Vd51AUm~3i&j=":"{bp6A9k;=A;y1o&>9_Myuu:iaMd&(","LPZ{4Q?GCk6'?emE3Agk85052xI":57968295518529470,"D^":true},"1YvHK&;WFj8j`,GN(cVhc#b:m2JOchv":45830194848.3876776886465018874}