{"w4c.K3*{21":638238582938264,"5pL":[false,false,93.9562567151412781210636318266329980992517,8981773747868023068169440939317,false,772000005221687.815448897988685,"(U*Mi0'",true,847665854640287916745500804,"rvL+mC>`:(:uxgU}=<",3203855774832.86488638525979823268576485687523044595,"G9kvbv?Z=Id*Z",false,22955528486594765442768,false,true,8.58317881381138,"<;H{,|T_9:v(B3QvK?T,",false,false,125426782267221454516883.44,false,296806386481104828247976778088016.9832172485881,"y__yT",true,"gfakF0?C2A;iM^>I>5&`Y*+%MhUd",82697446,":6&B>l&x6;X1",243080179503268870012586956.3618575,4182588690045853116268585,false,"ncO5J?6gi530B;4$1C2FG~%FkB/UWXTxj9A$",171563.45998847943683407748667171287,"~b;dLTY.=UE","HBU+z,&*>h%bvJi{qU93S3)%!",677508788906109277988364081,"I(E*{&c;'@<%==CCimmg4",86387852999784.1360620637501075759985878091605038,"hLJ_(;w0GpER%J*tp6",false],")6M6l1fy6a^+3!6KHAD}yN*Aj~snON8X<&MC=P.D":true}