{"P":[null,null,1989899341088405578977389310891,false,true,3.684521915882253889828848804,false,"tPv(Kb^~!RDxVIsSB+$ubd9rik`Xmw9",null,"jZ{",null,null,"1|l'D=_n6>#r=P;scIwjk<;QAlSU8PA","EnUh8wx#|/0Z%nXzVWg<$$/Y*,WlcGauCsgUI=",75011448824908918898770946727271886.1,null,843907227748218301973],"Gn00gg41OsXwd":9836247893819707242700971770,"KQ/!gG{'!g^#b5f)_~,DxBA7OoxMf>R;/?jB|o:":[80985708485990270962635804994191934,802178693259702384.8255256988817651772818354092299964,"LTBdcrn&)|H7o`ukHG0y",2888886212568602989,20686192872508827888348421633888.86566218951898816776,true,86978623018769.1307571854578455,false],"n%NZg":{"i:{eZPb5uL;Y4f%72OOrJ%NGtsQI}j~1l4d":"je6e}JRJ7}Nu^pnVOc'cJ2.","SPZ23Jh":"na=!%m)!TO+@vqD('_`!3Ua>UKT","*GQ2tvNtDdf?2SLPmqL#w7KDb|&i)0D}qrX":33315774219,"$Q,cP,j:h'":94551078998888883189651.48708289,"e~(oCxX*c,L%:reU>SzJDpr#":5428.688581229872834770682884,"`:8Bn#D+_X!to?`>eg|_O5.":true,"Y+HC,r,=7==o9}^.sV'<U,$63x$c!=:=Mh0~M,j":130861,"ShpfvSwLn0DExjbGG~rC(}d?GrO1B":null,"6ChlRc!2}G{mc^F":90481638656069015093422184146.842163880,"xzv>mnmK)PWz{RtT=)Ptj)K5q":false,"=TCxk":8880449646692457791577835988.485468801965581907682472669864538,"?LVM|}3)}E/48d6X,/F:hsXbeqZdCv_@1/t":null,"u8oZ1L~#N#iI*sk'b.`@/)":"do))+9=I`vr.hWOl2","O*":200795883890945950.68211530011313561807,"(!{,:X*|c2VmJ3yeWx$|fg#!BM28R8P2!'Z}?*C":null,"Fe<~wC6rp;xD}":9581538658500186584899687,"'pYM@h:=S'e?:v48hdB68<4Ahq)oIO#'7K":null,"u0:":true,"0C/nHbC0kfhr_4<VzwC5{":87447454.88938713791539501117228319092836751,".z5h^I_H*1t.PgC+5AL":null,",cFFl":41457178368487662987662505972.89858429594810603923856453400338,"vZ^_~4&xo":2933368018979260487685089878095.77558288860787159499,"ZI.)a1A%J9Vtb)k1*.DeukqY/)vD#l":"R#b}m8xVgROak`^ix","cgp.W":746343854979.364,"qi(0S(_Rjf`JWZK_|_r7sXJq,zt@yA":4557019,"a?q03J:(4/dj@Q*gJ^T":58367025807006809884.609818744913595864869419,"i.y":null,"k?`P^|:b^VmXT0^;+WI;2{)dgG!>Yq}{E!J$":null}}