{"TLvhE'":{"`M=tO5y52lF>o&7CfALhA#;wU):r,n5J:;0?ETt":false,"hQ(V=Jl._CCP^DKz49IRh*BCq1`rMb|>":false,"E(q`=!&XVs7@":3685400355865856,")^EP9fq%l*Y!!oR7":false,"oBS!dknD8)&%'F":false,"Lu)$D)M58v~`oilQsapY?Iq/|":"s$;'g+*8f:{EE^=zf`,OH9?r3"},"!O%VFQT~B/.|Cj0knq6b,/|S16eliHNYEH1~#i":["k@@fb}KOr5TXD&ZN6p8f",168756.748357276457,false,178488561,"0;LPG??EuRzRlr;^",false,5.29826342985879568632,";EQQr|Uvl3:?Ku;nHtAEgh_HhXT(jE7F&+;=4","aNLjXU.fuMqxBj65O&9Evb@~'$P6",false,true,false,7278430859285888876870804788,3368718601.826430917517374641015,4168874368.77459374778783444788661176689179668984988,196080490869.413438283809903837685309472639,92808.1308270530834197188888966526746,"+SfmA~Ly9zp2b{%yeTVMZbRLC1iO"],"0":[668588916548969627625083583003,"+gTNYjb)Af'6p{B1'y;G",81650847889342573436022103508914634249,false,427394458214764757832088,"Af.~K':w<wehZ$",58328686,false,1,299394.46912,8774091873824587748388886246083008069.27695105580422945238980,true,5627571231705388795579866731018018.682170501862819,80702181,true,"LqE/z{iQ17v(kh7c4SZqrX=+^=l1liJ~E|yWo",344811,833532037571883182.56782218640250263885875058143863169995,false,2758.541638188984792,26618516887294737877,"S!x:~wM'BXY","Nk?c.:!hl#6VO5DTVZ>f1rH(H~AAkXZSk",true,"&{JDY0RawWx'f",false,449.8447980886097,"cqk>2Gz9!vHdaR+fZmN(t6Q?fDF"]}