{"(w)_'5`sK0nmu7V%S04)Y8l9PhLo":{"#)Ky|^5i>jqf~X@te7|fHfOrTey":null,"S}./)S`3ey|BF`U&&":628260569780514823137908866201.8,"g|#fzC?3D&XFR5Y":null,"X8HfeapaO$~F!u~ojVb,.3?o},dpLyvYf|U5?)`":"zEEoJj6j~Lq)R1X?x`v","BGZzjuy/*$i1F);#h5u":true,"&MKE12p1P<rDEjcsbT6v&a_Cv=7%vq":null},";hCQGclya,oqZU0d`{%Hs#j_%hHgk<r":{"._%21!x@P72M!~":107184874998065692819041720994,"<`qQa":432651.460554623088544455825864580999926035585,"4~a=2GI3`x;2(6A7fpa{rMd}'w:i`jk":false,"Lel{_)0bp~mpXS4FSU<5kO6,":null,"JA0?pK_}Tq)":5486076783082,"a)cy:gq70M.O/I?R$V3;K'49&f":16536898288393577057107,"MHTHo2l}JxX9a2ra'>})on9'Jd.X@a'Non@dZy":3161749015272042,"t3FUKs/V&FYm/a+J5S5jfADWu":710644177067260357,"{.`vS#DqI.QqqBV$dbkU":">a","yQhz&*@B:A{Mqka`.rVWPu;Q1a<oU4j&?P@Dh":60001085884817568547485283528072483.9428329671088546128348888983639911348713,"F'%":null,"&K2taV?)8<!K;8l~6izy:>K<Q9wXC":692545289209582883671.3868372908129794483505577703212,"{L!xd.TovP)48n@N8WS.oiW#~i6QiN":false,"?4dJ)V":false,"?y@yR=6:":"8L=SL+6skByx9zElX89Q>QMx2:|e)EF","%whwM1PFP(c9.":535789,"01K3g9K'F48K.X^Pkw!w4*EpCO;O`'E{h":null,"TGVzZnod|><7:/s":false,"gAtkNW<y0aE9ojZ4C|A#;%.#v{_j@%eo<7=>2WS":533326915392225751501393683.42875,"KUDf;)M?Q":6879883711158141905,"(R/&='<j#":90.22406808714729107373392896625171882},"a?>fCNsGtjUJ:&p(P//?":["w*YhAv4Q,H;jYm",9203787.700245773912467775236389066850301433753,null,8516938585184806,null,"9sK{X_U0O*Qx_",8780033,null,1984985222789989903.1387409,7486210305427,true,"&w5AcN0",559339057990727638157.977896378595742,null,125958609379176065213431531046.4206305904929880328738,48751981155207,">alvwaX@m6^O!",68463845091468436216757,5543801998055539848253,null,70885845167676494059617053716153998597257,true,"b",false,null,true,false,58638205854837904281808889420439787855.393284079856815442329545091842157882690,null,840804490887939168188380584148783964596.9967880886871230498508472266618968338,668718459979261,null,"}/fzhQs;r0",false,true]}