{"Ykq+}E8^q1sL~yM)7FeK`Mrp4Xdr|!H":[null,false,488227588298014783877780498.4013040858,69379181820408719462478007.53180861658868364688810800879020525813255,"{j$`K;=kTA_J.x1G7D(%k?L0ay!8t8@zh.cv~4",52681810970704939666150,"p,d8@Mmoz2H2y(BkKc&_l82DTH<Xy|Uq,{Rec4{p","zxexrBTRtI(qGpp}S^eKI{J)#O}",null,true,"YkFL'Jt","c:C^ct!73RM:D6F|4Z$N",null,3434055711037888558039933.336802785,true,null,"q;lAe}$/mBXe=|a'pY~Jl|_Tm",800685790515934261416433.994984710882305351047153887868,false,88674172,"nrrAncI_;C;~8zE",false],"Tq3<3/c(.?{Wn?4":[null,true,841437558022481673.831865382476,true,732224838860564838368865742830487225666.36814087511371826436058548855690,null,863890.80270099888282071355,950643,875306886353270281957826,"5.t_VzhD_fV}QZnJ(@0:E8)XT+pt>sWC)~",true,582815410330895796896802093508632592858.118,2926506752608892726968955488345498132785.8553141088260679700155510705,false,"oD{`4W>ta!old|qu|Fbq{_REdN2",563198056552526939568488378788078727,80289240066266026270713434594502.9619788765276420288945177176326476345,1260230484699750283794666559846240.6771089681365062686104192734848823320,false,9358141488,4133128787800814895789,true,false,4882088784911369877788,"O,hY?,#C5>#h*M>`c!","T4T5*m7.#iMsK$;C$xKv6P1hzATx",null,34,null,null,"X)Zt;ap.W)5clX{3`A/Gzl~',tdq9)8{SZB@l7+%",908684991040,null,2113888.85937741216881283086803885372150884658,4231388806883661981,"88o<&u'umIN3p$1+#v8GvJ{K",null,null,6880285420578358.3783618064847327830227828,88384418883829451998318371990.948950163,null],"?t+gnA":{"$+huQ9<;/T_c.y":null,"3FO&MYa2iU3g'jGZ|6b9kZcNJk0Eo(<RK(65Ah":99858837029763820933236753,"z2?1eCgR,m6epuXIT":22513170329.301,"/|.k":true,"aJ^K.E^wrvhQ*'+4Cr45r`xnhgG":true,"GA$+`u`FCM5#?*(8Dvp/:wTs%`ZeHrHof:Dvhr/":false,"oOlF=FqaaSMM^fBK;lM~":25973783880164694286842235,"EZ:(.oLCeVJEva2rXdHn*ml30":null,"t{":true,"qA`>IHN{Esv6rJl_b;14sO#R+o9qHoq`<'XHr":true,"0lb9@YYwRBOI'h9ZD3":null,"k_r7+h1C#r:+75BqPg":"%cq1b!f7v>(4h:@WeT<Vvr}}=7.tol^x?K7k,tw2","$&fa:5kFFvLAHPIPeark4U2'2sFd!p`":null,"d~GI":null,"V>'^^O#?ZK2}p?~gep*yry%7d1/(O2R&?1zKLxLZ":null,"0't&Q@6W6":true,"T%s>A4?|iX5pyC^z`/":888080322754.236874,"t'H+_c9_":false,",'rJ^mn^TZ;0!Qs{ZeoM||KMP(#}4/%6P)7":".7ZPQf}$ohb2KOs1v","+9hY2ehS5OkzwX":888829488875601657767715194847.89537248897175845842}}