{"iN`AD2MK.pKFY`E588":{"{Jd727Cr$'v#!":171128944806818981366413,"*E>,0YED))wReQNs<C`GRd:w_Z$:":84382959863682060841168312373,"bfX":7164888311588165478481,"8o9rcl?}h3uUSvH0G_X6z(in<w(w,#|qX=":4151471384729427561,"%QHKy!8xKM;/n":"Llq*WZWqCB)R,<9@4tms7a`3zehm?$RuiV.r","cexf@'MS.e:|e),qwY":47839785528,"8=xu}RWhmzjIf5V5/hNNxDhzC":"$mNAWOPkJLCK;ET7,dhVnm~%{:=JxD+","+_P&N`bwnc|O==/`j=3gzK4H?9ujro}?":136,"}":"(Q('L^ka?>l2Nn8d~!}`gRe@QCAV","3VIm#U%yB^dr&m(..2H7~%":63.48570616073,"P7}Q+h##o%_Bo?d)zgSk":false,"|m!e|`!$,K~2jmWOn#b;S":1817693768968222819879716385186168413.95501203183979600008,">}=5^2":84002473887391078484865827433.459,"hi?lqWQ%K:Yg5f6RB*sdr":184530.869592488038,"|$}%*6U(eC^":80567805871065514455965394808.333588205503,"V?Ks9@NJz#Ol;`)yX3#qKkr{%%>":5170431181293158406450669141911658736,"K1FTwWr":20333686178434541027828637605205170520,"EN7.U'R#9k{g0P":848889.12961837433631884492174148,"ZJLU^yaU,hH}48_!;sRJ`7OGA=}XYNV`+l^/ADmX":false,"./X?w9kI/!~@Z9/:ddj4T<UmwFd`GZ>6?^?Pw":93690389515598998240260.991107261310988,"n;0UCqkwuzx)7Iwym?4(JV?.j4qzc":"&R@:JBM6t","70q2>{em`sWxud_":true,">(z":14095375921318803399,"!?O)Xx>=ao14>{WSWw:E&tdJb0_w2&h:CuJEx,^":true,"rS^k|":true,"k,>@CSo;hbWj@a.~a0sVZ9>9>}6{tq~@O}e":2869379681618450009918376075942986551126,"M4`jKd}k5SB{WuJ#)cVWAIK%&Ud+*G":true,"_JbDLw*;zvzjJ!)":"tY'<:UL$$*yZi:$tlu","xvAhY!d{Q*:ih#d%":true,"v=rM@y)PB~1>Un":9799.38924342238738,"8H~{TK>=9eE{`gbC_5}&D@ewjHxUK?Ld":"/.k'qMa8:E`&{9V@)@TrY#KzFm'^HWCu","tIh'/1.)zCks=L!m&.NZZrT9Wbj_GaP/F":99542233481205211182098167682762,"t^v*9nw{{7$3_T6qUtM3/}WT2":797209805590033612970627775248565.21543,"cJC+dkdhTHZ=g":21167317085527246155016081589.58893946960943198,"C0v$Wiv!ps0)p2":true,"#j4!'019":"9BX3?Sejm;}c~|RDJA56pe0","7(zxgI1JkWx,Cjy|=hTLZIGms":false}}