{"eq|mq)5{5_W=gf#`u0Ff+?f":[41154669006307580637472,"hYsK>8V5m8{}e/CA","B+Y3,tais;)&=9Yr='?=,dL)l!Zgc%(uh2'#kLYB",true,645467232606006.7804742563718468125958919658182948272,true,4086756869222491087420632893869684,1415949640403406705155675048882383.87938786821894645,3029583521768,1569783549399745478242872362997435470854,2645276634782479518388603886541689915661.70428188365379487,6168505152347508012653695891893650632.6189,"q`24/n3/`.ro0zj&I*N+EKkia?BWY9o?WSuA",true,"zJ%@fvVWXPXDiN<w0G(lK!9xIhN0",true,288740652554661678544808,6842680226913,")0%hVKA;d",81801708484415708900718202153788963680621.77588374482114112126514,65032754023669631969986882329527.76055808397828808202833467027,true,"h%=_X9gkq$7,>(vsy0j,",true,"kA;($<8A_i?!g*.KD:&v<<+gGk+.`{N{glD<;}Y>",false,451297418714.746850,4375.34600386900654883132738912369284277739,"X","Fq,+3_U{4pU51mht:%o_?$yf",69942576210785024093569618,5645920824065787349786485,false,"$O","I{B6H3wm2,My1s'@M",736778438801077558079049189605288527],"(eXk&j@d'plFA":[84879898604481291.163,4326663557742650229927.76716628344,false,122151760275,true,11388023118,"`:2g}{d;yOx+lO3A#;nm/G`",7392418820880320201194929699892150.3782364524399878103669,false,16606674419988955,4.2819100643089004851575678471531,"'6wvc1MRth",false,76406888850772427252812230149616983,91735,"aYCJc:>hrMw_",7822020807233342695132329780298021972531.58802050081568335798057549627786563,87073783684577294054576004858803257,7.9220103327824497889188032198862951571139,true,77828728427881874641783174718880283438809,"t3$WbIsSs+!62t/`oOMe0%$`#:T(q",false,true,"&3bhW,Wp;uXX",9.86349126516877842,false,190241323558783412214,true,true,15166584874324295163046316833472902498678,"{Vg`<Z/3ZK;Ml)/s&m8`kM76}l0Xl`#0^O/","TtDIel&R&H$T4Hz*pT%#",8870814714,true,false],"QOU@L>D=ChrTkXOGR<iYr":"zD4`aI","8'pbNC_Nk5F^}*(lh6td}V#b:`b|":{"K~{MS/Hm&PF2^Zjd%kJIdx/V&MjLwHhW9/#0YF'U":2376711051108736218.86847672958129998838789276620959205199655,"#,*M*P_N":true,"lVQiY)9MF":730208468769858321867,"Bpm7w#lkr+mtd#m2HGo0$8:":false,"^c+":6587701028108779.510160346080008437414546632887861707988,"tKy2M(}Wn04f9kO<r*nWSA":true,"x5H$hycc>{UO<w8,)f*xTw:":3007990468608687017254,"utuk3NPc:MQON5Pvh3aUc=;NyZyYD_n;~'8VUHqo":"/4na^#F","r9TgQ_;jA>s95e%Dc/n$+ZD*m)I_ntgT_B%gqn":3266532880875744828069866739217,"JG*oJyqYNz1).(xm":":|axlM+U4*Jp3nn<*b$t+iMFaPK=HbL57$","=2UeN!bN":false,"_apJe~TfvCQ+G++t(CU,v);`":true,"4TfH2A2XhL18tcUqwr(8U|!(d.=m":4821809305.1886388,"NiS(AeaRy}oGQbXG*@om}~)uePeJ!||(o6HKk":71248335080879895492,"YXVJzK":false,"uP8aUUdhOM1#/j:OmrA5@'k@|Zoj":63973782502896,"*7GCXEHuq+7#=hk:Fr|M":8636655068000817.8129651471386888182,"/HGBxvA@''WOXW5az":8.108830320597209853887,"StXk<OCYGON8#P/|f0ohM@H~7/);`}al>":37348682786,"6*;vlq(_aO~BO}Kg0!YJ{'/~&_W1":false,"EgJ|ob~xZXYHEf*2puBeV39":"xms<vS:LY@oE~:W??Z%i2","zB('XK>hy$PV%sB(&Kp.Y!NN9E":true,"8f6T":true,"?#0?J/euih":"qRMza>0WGn{(48wl.S}l/y9K:Q(SG+Pr+W(GX5","!UOd{qs{K:xm7iF#Ob9hy":false,"vt%C~mI?ir>ItSJSj":"m{gbG/kX)(A1f<m6Ntb}!ctCdD^~O+"},"NS/C)uR6(G":true}