{"#?:zhO{;L/MoWMdM^F":{"zAb@.cJ^{>lcj:*bN?uyVq`HoP'":2873588847936378897173.3779681973443346642356702390,",%9qSPutVlw`_C4kS`QCprd<i;Ke!PyPA":2988264883552037.378621196895,"oarG>xGaPJ>z^6?mdqS/fr{wUz!gnjDb3!cm/19Q":".:|pG,2/$%i~17#m.y(r20>@4tn","S)gr0K1W~oI?tZjm5hJH>":false,"LF`LvgbfEl7J?H),uQKKtp!":39857079866948915.152788083903028996781783781658268250593,"Gd!ufkNu":20550309275409388807128358,"KBd":false,"('zzAK;Kw9l":8257032,"tptst":false,"C}|!K=SN":true,"YUHuf(;vXn1sZBUF0":false,"o1RTP}+`SMCa&}%;Vp^.sO/.j?GW/T?4{nZLvNE":2.5882829483389,"Fqo}?AIuQ@5VG%KCcNhhF{vCD;Gw":true,"K*58aDphb0dhq54TB+C_Fzgxf264q{NN<uoLu":true,"If.^nvTqk&@qaQ~GDhgFpVYbhGM('":94063887,"Sv`*7,Y+vqThvWCbdDlGsK7.z5_(`Tyosi<":28342776930258521886503606,"?9":9744198568,"`g.#X%b6nHn(":4430218087264910767328671.8742181946645183142501826392,"LFmt":29530530987469415272884970049960218322401,"3cLrYCS>rwL2H02}|@.9<,Zs',e>IyWdr/`#C":7786869487210777.83966862251943172933891186297955355146418,"F%jlOz8L4n;ffUO$":"aaqV?zt$f!F/RT?UtzE/"},"q>HR=<B~~13wp|k^m:~":["tD0,.<'>=>XoRS`}yd:i",false,"VsDyJL)",true,",'z6.GG.siCT6Rw3<a8YdNxLOs^FW",5626237930679176834488480560531,false,"KfMnHRP5Xu(RXb","dhp?mr7JTOT;m3Q5X9CV","y:}CLB+non{VG",4057280580,48082884344181557,828871757809083697868066826371567521136.191971218138889130712,"H","n7dH0{W%>cY|yMi;:`jx@.'r14i(k","yPQj&J5EPYqEu;}ko2ns^",true,"9E+.Gi2!1DRsn(/hN9G:@1o",526058743126.300249953877226070633178818,true],"Wzfpq3AHF@35#q~R3,u^NMV^YL)y..2.ZryDA":{"kzSe&+":87276762.5,"_Lk=QSLJKHa@i{KM($O`mJnSa=@kf?Bxl=|>/":48207013374655.4818073796047888,"4gYTidmdk^AnXTEoY>V:}}b":1,"Dcc1OI33x0G|7xHMT'b,jNGOV,g?D":82865712513842615198737149594025,"`{a#GS1":false,"behG*Rc":"h3KnqX5R0B",",/>L105&}4y,/s@*/KA*W&^QP%^H9zYXoMS":673711433114422912.7140892973,"#:c8oCECn)t2ib8n95lT'G5?55`iff":28076388278134922231613129,",PRfC:^":143796694584844284288808999.8312386564333178,"iIB+C`<Nb^87_F0kEp?tCE,X08#&+:,6":false,"czb!>|;i9v4xvj'CTKzi":false,"ru~?8~nV7'6w9D8dV,dL?sx=~aN":"GIc,R}reiA?k2~OW;{E","=;;B{DFur!A@#3j8x<+Sm`hG8W)bvzG)@H":96854507870351342148488,")lu7V/io}ipEfE'PD":false,"%c8N<'t}#SX4BWy%y":322320528298800362942060659478396,"uBlBz":5045129857742922483745524.34,"0PuQn":1207.8288554716085528886012230,"&.r|kTmCZTYt1=HmLbL&63^_Q":"'c`u&{'/","eWuo$=~TC#":"C<Vwrx>p`o","e9":false,"9x*MPa%7(OpPb>!`2Fw?i%":true,"Z_/W85qOQiW{%R,,_vv>F~":false,"!A7~|gP(0,|7p#pnz7:uRuu":414361687795670488173718.2810563,"B}kCaPU~8U}i5d6pc_<WZ":88826389534983,"|4vQsAvEBs1yi(D#!F*Fv5l9}n^Y#ha":24258987.3731349114884,":3?eg_lz)7K=mO":391075219680873501057988840983160.6674494536387287074158794362417074,"{&f?.g'5@<kbLqm2dR:2ZPqrvdq4v?++x|hbs(":"|7o|JpZ1+oH7iyT*<?w/","Y}I=OsM<UadW_%DswRACQ4k&iey(!1M)f%N`6^":true,"Q!3H64Cp5E":false,"B~feWBHD5No!wUF#khA't{g_2Y3sNYV}|J1HX7f":false,".E/JN@#0Yo*u7r":"zzBomwqW'aOuIG0{EWW'*QqVbF$rbtN3","7$.qjGwq?WkV,t.^8a$x{yWsNyo~'`K6,^VN=;#'":"SFS}135IV2V31==f$P:WMAfF?q~D9!","UX7Z`@qS34T}QK.gmy3NLc^7M@sggc|(Mnbd":true,"W:R85R&PAf)/U0%{?>{MaAYQQ)Zk|x~U":83701,"DK>Ax7qBcUurl1NX'<vM.j~&9$C(5r*h}rZ.DQ":",x=!MiJ$u+xKpFF}{Qw<e~ZQc+NRU","F(oWC?biKp":"*>lfI?n2U_Qr_gK!7WQL,4m|K2yJh","V7H4baiq~EwCl=dR~JznVXdC:xb":279471553582738949718247878280599587,"iX?z${$;N::q:10|xD9":50760885354002568}}