{"(kr+0Tjc=#ax954zIBNp>%AwM>yyi'71EMk=L":26,"QP:MM9<?g$Y/}KV_ZDOET3fBB'<um2":93480645958815076778687834105880940841386.108298,"|{*&z}":{"w:`nI<|92Zj=(K)|G:,??re7phM_ai8":73371078602550129847114504,"yu=hF5,d3L7t`7SNFF$d~|,xe0IP6":24826764766785031619897584174206885.55577989190,"AMsj~RXRXV!u/`u540D8jL!Cy9^x58":49.29487700061,"FKY,/9{HhX;ZO6r1Zq.wSQ&0P5,":true,"UOpr?KM_8$j/Lj*7Fd7KF{yrji>u8O":2615247550408425947825160280896.4560285858,"CjAM&CV@T|#xo35nyYA#`8Kb{.6":"3WT","u1OHw08~N":99223053372835305862237906083604885,"nCNs":350459786682088918887,"!:6qyTaH@kPCxXW$!!UjT98K5ZnE~juvN/$CPk":778,",gf%zi5p.A5rHvC":"3Luqqss(eFl?}iE1cn8xzT^wLGFb@+}AEx6NP&KB",",/<1%S`MrjVECS<+9xYkj5giP":28255318583670782562732488864643.5999979123788847530,"HhC*kuXss3e_53b5`qUA7k'#v":"a{kQTrBjU~Ckhg,vNS","kVHvob(dJa6@$q/TO7_Z{b(EAOs#0":false,"uWf/#hcT~`KSw.SJf":false,"yJty{.eP":373439168581504.6,">H6Iol":false,"=5J5rXu":299073474657897045338378898089,"C0Z!.A+iq?PCvJB2KY:'U1cG64)8(Ar(^wvi":4239088822842873,"J?'J$B":8031224104088985835196074.40838293288894,"^Tr|/6iS.L$$/%g_i)J.'Ls!jvMt":true,"hMKe8bY3dsej;Ip*OX":true,"J":3175816299710972854431584994828077,"(Dd*CFl|'LDX:t3Ro5w|x4iw&":28095682550808.958,"08xd":8886545811998467.72655233883062847018995639993901447953},"T|'y/Ns?WK{vWHcmH!z/rrO$yw":{"e20c,e}lJA@z*(TuHQoCVKtXJ^c.D1qqBI}o)":true,".D{$Z^ntnVKl_e'Zqy#<haf":84014462070796990042843.329207343384897687793809011159187353,"b2k5gC<":68257093887417719998867909929,"LRA`Ezd:+tP}S8yGmtVN8a@2FUc":"JM).E$=d.G^(d6c9v~WsvM.7D",";x?m'Q{}4V0a'PKZXFv:K":"cGms*q;c#e!it","hny6d_z5P)'.i|QeVXw&D1":9788401806881513486124983646289300.45301,"vM<a}1&Ww?M(1Inc<xMxV'0o,5K2Wq`b*F":"Kg|t%we8*N$z'x8vfaoddn28eW5","88*0":false,"!!>6,tN1w0a:YoBa`y+8GDk/c+TDDQH)<J{FR;`&":"xH%|u)yi$GDnP<Tv6qsj=6LaS?n+","k;.S_ya2NDS":7846570185981055375872482060604,";b()|24Q>K,_":520858588,"YJ*V1T)o`C2B{w5=Rg`u8l;~;U3$L86!*%tU@":505706905395548780490033817558724329,"/3=KuX#e{|sD0;_!/'$|XXgl`'PkrQf)T!M$H_":false,"xpL~_acJ5?S@6.":"fu+h.N7Vufka(L4#%}b|1c:f*4","Mg_~t9$UHzD?B|.0":2296920071884984705209043,"Qsl6YcnOqj%.}Hw`UR!H*JF('":1571828.1559030198229829658069298,"Pp1*H.yHNuICT,SF`nm@O!k5!'71wGO7UgI2&GK":false,"z&ALM>+7Meg+KB)RLLQ7TXC7N":"Ou8ZJxiGwcOKbGG","x$3+y":"xi$6@r0I{iZXjbj2?J%ael7V^)4#pIPz#nBi$~6T","j`g@g":true,"H#{uBU0rfrnz#!K'n_q5":79128.3743862304,"rgGK(+lssrUd0!!8O~ja2wKkSJWrd":99139817236973}}