{"h":[832908379718672401.530886119616,"g@9.V&HvPvrn?C!6X'",2088612786782488476888434735048146.26808661905020585127469443388758888121304,89659278070288478109234358995837.32868,9460.88,true,true,false,"hO$Av7,0.$|3BV_1lP,RyW","d<21",3333449636570783853478583673826454818802,false,99028003984846399031683895.7384362948661745,3,false],"=IB&/hiu^'j'kfJP<QV2c4'Di@$Y":{"7Lw}3BnyZF>)1k.?l(":"MLs64%RHAgJ~(z9:+|pgS<aJ","(,":false,"o{OI9o2tMKq%{/_45L+LxQy^N'fgK|41":false,"uz;Wgso<kOH?3YHt^F#oPUrKP2thR":false,"Y}.jB!54Pqa:l:=%":67893368259128844948287,"BwQ~F+nUQR1WQ1":true,"sGD5aZ:7JQ9TEhhP}%Ob&<fzep|ENwQQ:,b'~":"&UwGjawZ6^7)b(|2Nf","w9UV0":false,"V$}b$(nP'G@$2:zw&.wh":82231015694865829628642430253.688160431073298617628563,"Ik7x0l1>_bZ~bBi{<gv|`X":true,"+gOFO0w":"&`I}rplTsB;q;s0sI|ctlnNaXr;PAkBzwrHcCN","TvymOui9v4}u":"TZS7l<E|/1?","u$nJGAi%`|R`VwUE{e{iNtJx":false,"EB<cFmUv+ekg0jSx4(Z)wU":445879814692558536.1421094138953501514830950,"fGG==*R@yqvXoppM0:~~":false,"P+":true,"bhOO5LL}7k@P5MH@9hZg*X544oVhxjSZ":false,".)YOVFs*v;T?Tfh^CO#X|`6G46XziT^:d:NGFW":894877948583781066547841985,"I.CZ":652476384948280088541015134541938885558,"S`}O#/ZPzET;cYSDpL&ox.i+":28843698138,",06#(4tp)!>V5f?/!h":30192954278857085035198,"W{{g`JffiJso@,+.VWX&`+5B2zS":false,"+YxPfl99Y":684485881173828183533838833,"Pu;XU:.uURnbVme86;j22F(HDDutl$%O4o_m":635969898607957,"lZsqOS,PA9)5$5/>1HyPj":764941060003568835545002101,"$K8A^ct/a=":151496443948958006089345817.513746986728611888015,"Y,*m0hvlh..zFE1W#7":true,")p9=!cy27hLb:tX==;g11.$/Nx`NY>G^C/Q!Gw'X":3233892987880969508774772998395849783.88068848317554950503597414843,"'MVH":false,"j#ub*y.c&1J%3T^$3G.!k_%>CrhfW":3106433593968762275,"gAeg~Fv!s>9_CP4JKNA?C&F_":false,"O@U4d~e{.5L2AOj&L&,r;A":5955,"bOjml1Z?rRR5&^j/Yv~F_ys$":true},"Xz4Yn8Geqhe04W?>@V$b.:i@7%}.1YI5":{"i2=Ux,PWuzkaS@/dO|7g1|Fe":4520727311216898788644149502923138,"5WB{W|I*T;7`6jq~(j3UU5@v!Bb7~cM}?bi7u`Y":false,"j,QjZk":26785704485928714482.329129,">0yjmLc!":795338.463013876918036022,"|h,E~ALG":"L1!hA(~4puJ/HNuL",".":"D>3`YwC3#9QQ>VP","(":false,"TBMf}3)_):`T(Eng08&=ZM>&yEeAbYF6N)4":835978.731091266582296130503,"D":70585520397297126.5282054345299801809686684062315,"y#@v|_fADVO9D<jwN~9q;6$'(HFd#CpwVP3PZ":false,"FT*Z7~%r3G":66118118563589647.46797}}