{"T}c%Dd0lW&f<YK^":{"jpJfz.;N4aEqdZ8N3H(~~mP,,AZ;EJ{R(??*":true,"R;K5npa!VoP4XpGnhK":false,"MO7.w3F8QeK}hkhR$QckhO2V.E0<JPfLj^":false,"2iB#yH@qBiJWig*/3d|G*Se":true,"_)l60vQj6rb,=i}L'lUh3=8.FQ$eS'ms":29635805768235230,"prk!qmz~64;CiVQ":"tQirzO?qI18","s0J#MD73nP!bsTKc1&=Q=5`C(Z0ce?f_":"0G)CeaBi5VD%Yn`a","&0,JdmgPNd%Kd1$P*%MQ":false,">Tl7yAY'@@,QB}rTRl~C9E13}(zE|W":8908683664998209582,"G3NOq=5E9u":true,"<X{m$`;d2l6Mz?b$a;O2xd":9766287052,"awvL?I*VE6=D":false,"fqgp%_2fRJvh":440888657734073164530.69890793438185168705476623154,"QfYfItF7=E70|a@'~D*%;USFMa44X7<&`G_:":false,"2_q@XE#3nOHg'KlwXd#+":876641675888826,"}F1":413984877249554187937239963808679892.2017966087724375,"nxBQ~s+y4mjy":36632380182655048483884.98,"8:PrE0LJv~^46!BvC=&9O~M`**{ICNbH5%i":"I9JBvEPXIPD;_koajUImf273Fh2X>!/x#bzez_",",LMbT6=DZNlyVnn<VDlNln}lsjNW":"r4tFROas+^|Ms!LE<EA3yA?b'L:@7q6EhU3Q;C","##H|ltyv+NV|Yrg9)_.b'=":27558158842820856888335.945567841795887793,"$2HyPFW%%JE~2%;l@|S92/etM<96J":8064179775362941.6897449321658241022210,"hf":"/.GFEuiRtg,,YKPKtoe)~vKu;5M",",I@JPZ>Hp#Lr/,'du>}5*aCRN;&F":6028869448865894,"J":false,"4PScIQ}~<?drFI!N{gO":86483381887547107992,"gw%Y_N+Ts=Co{'Essz<Iwx/>KY~VY":"N~","6rl'ZzR8!":6.2448962,"j9m3f":"1jE|RH2<b_OsNyRm@e/b","'zd~q4t7OwI!|?BX$MLyjB^g35fB,2":73774984304.5737252873996342260,"w,3wsTWK+8A0>w":7652638368682309316969381053415381077,"5qW2(x6s+8?7p#Z8cn<4":"AD&N<;6sqdDu(wo6b?,,zQ%<9#f/AiWN9~sv*0","gFM`/":false,"tNR5L|x>`UhIHF4eV":124585888893830888016705853.93388601781880147160590102737050971461168,"Th&4_Dt":8762604344439.5,"U<Z~4?NwFyaCog~2Ied#~GWPmA6d<3~z":477118},"JIrFuxu11C}})blR4k5Ssub3c":{"/Q~h_x?|":"lcTLaVH?P{Vlq8_p4Xk/bgxkkMI%YS1U('6Ei^@","xdR;EwHVaX*oZ(tI;7Ie6L/cM_zB!ua4(6":7506993608668988135716838919872225.4159858083379940880914987873587878708076,"w2Vgr$Rcc;I&/LFbBf":8808889,"qV(z$":7746931546.67350427401685838076929280852801569,"q((*j'}7zLh0EseK":"O+}xNc3INB)RSxcCC","/=5fb0Ix1AA_+Y$`1Fn8SPr":26788490728812018434832623520574688645956.6484148398633001,"_$D5":true,"C_bba9":7.730808777174788764883131827414311,"ArqG~=P2?G6Zh77je,A7~7,YL":59209636150020339872357687692.8888842535141,"hOg+@fghZ#%E#WqC_'`JQ!":true,"wRIn.cn$R":9603604288473838586,"`6PQt?%V":77312822585648495270856998485733391.1818045858185120021612083788388627,"}zMs%":"%9g_(g<!w(gzg:W}r9y?!x^yD0jMk,VXq4Yu#?b","EWcacBAzjAqvo;{q}yja0'urPcfyReHLB":4856891588.4886291,"kNf+0f.T)+oWOz{":"l(8z4eIpu:RewD0m/v^J=+'kE/WOJmu~q)"},"*Nzl+s8g>/Y":{"`M#!p{$2*|ZA":4716582228634016954616,"=!D(o,VKi'8fcF":")a1sZ$HSaL;$8#Jdi.9Y=e4(Eh{:q=jAk","#Iijd)~xO_":"XT5b;*olD1WLlO#?ju4)i#RKYA.<^0=>#v3","F9,l$'',R9tz}eUj~/:M#JN9d0KDUgs.}TN":9821604118535761649,"T&SIm~fTJOVz5b,":15213409403598688523048583782901235,"_hGpkF?#Tf`=o4j~k@J9":3994835881999447506987724631187866865,"ChCjp7t|@nT`nPsyC:XT&y!T2of_nR2r?Bb%M,/6":2694024289484178693228249282056.5019888,"qk#J<G_R97iA>2ct;(Z9lb'HQykSiE?%W.^j_!":8327614018898851880973158588},"$>Ni.Q":{"(0eD9(C3EiUe)H.Ry(*u":"TBKA_WB^sGh5vEXd!;M)>v*RF=j#rq?%;Iv}0","5k9UV3wE!hkaDg?co#LtrHAH2zeWu7":true,"f`4U!DpA6Mm}/GJx|d93yVC4,+_?69E":"6)}T^nBK2{$wKn7%_28q8lHT%!X","Z":true,"0<_~@uGP8=^eT":true,"SS'j$eD&RZKh|%qh6Z'F<9%g>":true,"@doKHJ`:6_g9p==c@!|1MOi:gLTWrvVDFZ8Gu":false,"t`)}7lwkD>w(r@|{4I{jT":"4}%XZpQC:8","~yb{BOV#CW+9fg":27701.23644895882895158276728096751657813504,"_Dz/hvqV3}+XE&^Ewa<mTF}^1bN>a8":false,"z5Uwt~.16svsrwpOZSGCCYz8Sxx6h3FJ+lu#p":":OI`h9%Bee553f=U!OOnt>*M'Pp}1n=<%%?v'9zG","2QeAmM}DK>B":5330964887965820947396371327001193.83281883238561682816316064831,"@i=HssU^2o":true,"JF<Yj9X9":4188190,"5OZv5B/Ku4w7U)F":false},"!=Mm/3DTaSh!~J?":{"a3?WA2Yjq#hsG_|$%9Q(@wo9Ys":"m5+<kPuXc*)!~:0","SehsQGWO6/0mT96m":"iqj1+gFVQ~>Q6E7!t`zxOCyxWX}ves)RD","&/UvZ":"GQVDL0RM~+cYO*OLg`G!iqRWy7Eh31","v3=N!h(#r7rqBbnhN6QH":952.3175886181183891,"T&z+}Mc$%*boa!z(":"=Z.<W#?&_S=NeTfJ!FAu.OupeLeGd'/m3","mbY'":false,"?^6bv}Vcc4Zs":true,"H#gHr|Td":true,"sk@E3}JDKQ=NyQtC_w1fV7lRXY%!b;y+flin~=4":7557428306062629435044824604884281,"%l@y|I@_FR~D0nJ2D|o*b`CX":false,"J*V.6N4N}mbGu>5$xggx7$":"@7|gsSa6/zos%lVw=fnPmy+4O_5x2CM_W:A%$to","aXrAOgw1fHckVgDtR$VEZ;T8$":68785486858295538186585297531.6870228533838850892783768805582826,"/,yP(()oy~E%CghS'v|Qbs35>juV}/iQ=p#L":true,"KbQ<g^DP2ydmb#w~":9581837308004781357283657879309976,"SipcpDaJfMOi%Gfp85{":"+SfT1","'Jxy;~(G`L3WAcd'AmAm":91183390089588084358459473484223097039.879665583063401,"'x5^km|.`G9PVko3~":true,"JCjk:Ul!#$&RuR?;7b:c":4883938188.34457940952315,"d0h,cXEj":";P&VgD^m1ulK%`b(6L(k$","Hy`'F1YlUm;@#16M:1Ad#VR%B$aSWo?":"P0|Ig0xZA2tyGcB%WCX","l{t8l(;Wb%}0peM/%":89188734211329873486256031.1388886,"LNYj9G4C?G`@KrdS!m!!,":84428904832131109959.31401253082,"0Ww8m)Cx;xD~|MfnT6!OL9;ts79>YX$2uLT":688117980478330812573584,"Q0bilUnUoLA?HR4ic/DOp6<1*H#ttd+U`sX/'":",<9FjiWSA^nnatCi8F&P","L})Of@dwA1vT8!W=.gG#x@=aCM3":290778850202860786504057138838880768,"#<tr{|_8Q$d0Ov:pY{K":"DV=5lt3P70pg?DvLF_~u}d7b","@uzd{^Kz{hSb'%/}VOEE*24h;+0J68":"!d65)b#7bn=_6wgUzu9q#w~UJA6Y&>re,!FY.Ike","*&v4g82L>i70U~nYmuzv>2FekHsr(OV?m`%lO2xv":6986004286828340.3290829024680443190658,"EqIhBW,:u$<|*zsd,Q":35897877889482354620262788057394807.7089108957664588328762936221,"8mFd}GkO8?|0&<u25N&$0#r2z@>3l":8674043126973667618375928,"bOXT4eZtd>Tp":true,"*aF|tb>qaWM'!2IEM2X}WF9CwvbV9/ke=":4164206861462785754776846838846909.4818478195817848487,"7PeavD.BrS>3li=TFpnHvH>zTF8EDXY'R}l":true,";?x~tSH>|_MD24!@hYyGaz!":"`x4ddwi,c<E8XDkcRR{`:i$Zh1$7ka~b","?f!~,P6YP.Vp*+D<)n6aL|59^ZJ`ES(^":327943361483013871382891842599188027.85458330339,"wd.lm7vC6d5oz@e>LyNDFDuAaGCJOU8b?V4L":"(EBlk9m^,%GVD6kIg;UCOp&U/LV=Yr%4mqT(","xU+>9+_+7^cn17f,8yf=xf68LyK<TQlEuzvRm;2'":8908874849653567413281828176510026527.4848558382029,"X_q`VGM*>":"g?eW2rT^W#~tr~a","1|.IGmC!%hn":true,"3n(L72SKX,O,?U}Qd4Vwb==IR{:J~ruN=4QRT":true}}