{"Jwvg.8`@Bl>:n$C28^Tn":[8384878698089000537808046933,true,"*ctB>g<Jfz@l!ukX^ehm","s#~t75{;R%;5FCI)0k_!`K*P.L_jK98d=",92062200667928394678350578268888651747.720,false,5698826438673936711088107001789859485.687630498870095298857875993484,87068256408731441246827895300128799088934,false,"7C6%Q@botG3kkB1QYjstx02iWV>c'n<qz?L`2",true,2884081935698645758388836386907896.281582148108868,"l>b!U@txn#.ySXOW2A%lp",733925235854587834861868987058331206089,464618781,")5S9l+Gn7m5N`K7Zj~8Od`Y^YxL{Q+x7{DG"],"fI)M'2~`S#TbW":["#7L{oae~YZbX?rp?i1ouY+k=!bYrbaHSBP/",6713721655858904921031387058831323824120,"ic1pnOJ(~Md^y#N2Pp_l13OaZW8Nn",8874798574319415809200082,false,7412508.5381882888838837119597809,"zx:Q^by6fYN!55W.$G1HD.DyUpP?Q@cF.U=*6",true,true,"uTX>>e9&kC6:s83g)%WfS",false,865588088410388491142630603280,7466420386878057562132341,false,66254798948832121898062902806,"1aP49`G5!","~!jw6dBJS?<Bs{,1:oHY",false,84878574198816458146,true,814085205857999328602281889.58,false,"op'kg4xTkp?J{imW:!+l9vxS!YIS",2422248504087711498166192224385890042972.58511118658804189577,86908.3718896950264,false,false,"S*HIr5'_S$1wED:++q^()l<'m#OX",57858657.851888722109335835789,"+`P4DT,RL",3588795880207526.638982777438,858700,3550318807919857195881386807.18587203888382003193000418227889389887747,"P!)_|(7(Y@x",2258717818279289032692852478618.754185,"6'<#~98w2vtz?7#/HKs",1890229018087207280368.331619826439259770025381068183082,17830,16194880030632],"z!J&SJrB%NK?b2`Ki%^'8":[3806986506778223398980419.6767777314050672747126905512,"jt`4MwaskBZ@l",8084205777103300555548,81509668833007.5588,485378.58775520284841883444132,82248004927685116056583823870515428],"4z1m6||'Z8aKN'iIdhfE;c":"os#I*Kq"}