{"fL<>js_<CI,c9m":{"T$Wz3AK16:.TmeQJSEG5YlKa3w,}`^:l,":658848961006787513675,"PzjeCsu)s":896148839777868.81470554589616851421551389768406917388,"70LgBwKthh0uF~(a(s{4e`Z:AYl1cu_WKyhmT":8645314151138831180875625132963.8135334813472122416412600494593205,"4d*^>pS3":"}Ng)<jc<*2hO5(0<xau@(fwP.QaW#","x;'":false,"SeGKPPBE)Dcevtyr^;":true},"O~CKz:A":"mPB>#:%,yA6`p*$9jqKV","j``;{4e%SYJA_":true,"Tsl|`wOK,RK/{qR":{"1^7zwCNinTpa(!Hb&iO.W":5893504382854367263348.6538691798025822180098124799795170,"e=}.8Z7UWPi$e93)9hhp,Zot94v_,WBd8x":2055520066375114029911898589329,"@O>&Fcf'Ty:@26`#d$K+hgP?!`fW)p6dWk":808112571182600921473,"?@z":"+4","HD|i(72ZpA?`9(XzWMv`&Q41":"W#Q_cx=|?wUw","CB0{:VR>n":true,"'=2,*/f/<ObUuu(goP`:uIM?z{":true,"T^:FO8$_P":true,"RfELH4":"Qu7aQ!WQ#5C","JajZ8+~,GC=,`:X5?tWn74r!kO":3649361809130963.53542409634809224369795745623608949679703,"3=8}JR3s<y>)z&e+5y<Mi1e`E":670132.38013874,"m7":false,"s!@Qm|tB":7802610501870790838568883.94713219888352787,"hc|gy+PzqV":21998787887954389880638238,"vG~V8&F%m*;L9l}A`>0mV3b{).jqHtvXM":"TO2(_L`Y/*=)^ab6EFMl>e0{N","I+":2239560233336478527851520200211355,"61jv.jkw4Q{Scz1/5w":88776582686519858558057958459,"gRHL#1_t5@Rn)7A9jsQfd":3881847,"`v#5p{@Wws{In8l3O48h8S3KA$":4284389325760082044505.9199,"|":false,"D6lXdS_UgaR$i,4@&PB":true,"xCO~PoavQ/@QlE":99833451454232990464062779247867438239,"22cqu,I.i.'Xe?I?2q!b.*iphT(OG$>":27215044485596804886187,"V#$`qiJZWRqS8/<&M!i*54HFN*zoQV(Feg":15833606043432799818596017384736510146.80473372729269608766,"wW'Sw2<Y2hIYJ3(T1DW,E)!f#BYMGx5'DsX":18889888889585826377142138685982.24348874083101706924951,"|MGPW?N|SzMP$S!Z=vBgZ{{yCF1":8885779586408696627592},"{bf,3@fBG85n":{"K8_;Fr":true,"G,E3:3qhVJ(4lPI5o^sBu":30226754186063687887344285189,"x{k~mS(87^LM*`^z&9c4%c:*)++nw*QIY!":2,"!sk&SRx;<Wp":2783868015314173271848779583981887687.5683548096387940149812558972873522314384,",ZFV&ma":"$82}AT#zI;Q0ez9@.!_DCh2@wEG;(","g>/m7B`wj":908.23495663875332862,"1D%vNS@xNhN!wO?jMx)7.Nf;t@S":250328796488328037612217,"N":8354879880887,"17GO@<<.B`2j)<Wwc>L(GmY&wZ":42450243822658879481888739886842900959.28372906437991480889778,"%V<Mp<JC":854157862545386,"q1T>K<N/":";^SVMI:|f~V2k3o>H#I)","3Q{nxgX+x":50073,"PZdGTwgEUNNhssfk)%ib?|h;v00{Tk$G":686746798982131334889084710873077.8923,"fxL.j>cC8dm":588626561781260779203,"@t":8863691222140012573730301318,"{@^L(:DVIcxTm(Ia!Z_<YTV":6943056.8059788718499088988,"9s9FF#?}~,K0naBF*:/)k":278516947544258398225,"q=B+FaEq0Tqs'I0Q8m{L%6Y$Ly~}:3~7BHrQ:_/|":83051868860624045284835580594435058888070.3929725255306261894571534383149592755,"%wayWb1(J%l4l6N!;4":6350.773899257371952775013213879553817,"o$":true,"KE>}X8cW1~r":241784191882848626998.895025446860563189089065578080880768,"B@dt>aU6.flGEW1@I5X<#,":1761284973687944969821703133671572.870268263873388972701,"Pn@.eIj)a|ipyb#_w":false,"Esk1*69W<To`7H5tN=/9v0&L8)ZG`H5etg$Jz":918818670227736375404252715372.988289445199787148108208144733968,":$j;1DdqhxAeODawR.p0SfT07^":false,"lJ(!v;H7%io+_^.J;u;`":"rVB<`G_8}#@e$S6cWCO&1ldh<.'f","|H}j_Mav,;yZ!`a{sx@GC1W,'.{sX&dj^H":224,"X5*;y":291815671277989305987}}