{"Y<}(QkEaW_qUT3MM,wS1S`YTN":["iqgarNT_{WGN4KjN#",false,"_V{atkHJ*l6OaC}Ie,&nN.4S,|.sKr8g",9075073588041354050872,7169951.6410585046024793865548863,31166405178850900611566,368152059916372245685520279338241399841.7495563624354473951893,"*sa",2871532707255888839853074012224,true,1523861183632814690083208608722.5963878,false,true,17645063428923449547363032820914805970081.53,false,8826989088826.440,44788064.486461420486185,289758961482888863787860394024280398222,500,26777833803455001108238,785828968217368443986345483656615.74815050338023,758.842533030272963425560,2,"F!6<SfcYmw((5Z5lex$:NTbF","!vPoz'5)owD",608888273942065754808407981040188598283,"#vh;61*'MKz=8z19sw6>CD8|/cf~{{P@$I@{u3",920952734.3762443,false,"E'4{x,ezg<dV>A:&@)^|",845.478173848517088459894725330671714477,"Z8t=voAD9XF*iW!m5q:~?bus;Zh?S",5081885983098934013611,false,true,5602008848688327851785857458629],"SZyoBUMBkN*&7v%>EhKG_":{"0rsbfYRn^9B*w'FRq1QeVm6JP.SH0":68105672931544900887148042856.8114156006985296139,",<+'QsBDmch":true,"Ac|QZgJfev`9Zp.Dyk`W@74i":true,"'L3(5Pr`lyxwtJ8?":5464198,"cg=7u|SuM5jj2":1563885639793406780700054805185936025679,"|#!.dA:LB_~a/2x=|or4FA":89393246188884870711.8844749664318,"+U(|3":true,"@2iM+?x)|pGPwC2eo*":90782249469885180886782555862757891618,"U2o'/3*Ce,`'1KeVlw2}R74n,'=z":507243825486328374456487989.8344038639388106665484853,"5%ycbIUq9o73*rOQig,UF#!s7mGZ8*(3%ZAn":3793714247645,"Ycvks7ktE*Md@7(l~jHB`SH2L,e/U?'Z^*SH":false,";$_~/1V1a3@8z_~3uMG%'Zz'Xbgh<":878751283840,"x6~P_#|xEFn~{a48":631288864607288331638790342380246781,"bqOOa*`O~I":567024181732954348618.966568989941,"D;P/.B.zRNq}8iUw$#ofbrmFs":"oixY;MoLmaCr9)TQn8","DXe3#K;he0xkJP|'7G98eiex~}":67821643866788573781317281769345186194,"Z}F4^IQXgi;!B=w9s42s^?I@":"/N;Fcn'S_E4","a)#fCO~3UK%dR(~t|3a;MVXvgJ":694300422.64642355866284,"pONo|pssqgtxwCM;E#dp#Jtr.Ps'":79473248048308630557275588380,")q1k}ib{4N(*kv7m":263,"M8k:lfo5WEi!a2":68,"X+(<":"@x","lzBKaA`$0k8|R!85+EHY5?JBl&":54594898303542489813325523499367.392783249827274516942017214534,"(o*$JLx)!;ylWE?$}gXs/7vZ#p746X#":832487291183061118962.369623844869400541225021,"=_YiztnM?=Va3`/p":2322528466583843774660432841909532,"w<JCCWk1lTJT|T9yUQ<VSI?":false,"*2$aDPLLe:Y,C,;Q:y+523;?3M#rLj''p>":"|U&mp'8bixhE"},"TrFE614<$jpmaJIVY*~Dfne05tT{":true,"beh@42'Q/iMWZn}quS!S9fdYi{xFDOw":4344,"=~2p$Iezxccupnq":[true]}