{"T2wEMGOtuF|+":{"5ab{":3440165778811546563885417717509,"Z696Uihr4}IS%MxmNzXc<3":7588097224808888118853824884605966,"=l4;vAQ(4/>0w2Bp0C2?}x~70^&h3":188204230839600.748568869,"6}b{UBJF1}AJxv'1Y|Tv|,F/<!5h3Sc5*Q)A.yQ":"/Yd%jcNoV/*rJMI=g9Q*PXLv3cM'5|yhq","YE":false,"Hfyddo*N)V}t~3F9^aoh;NmL7L4w4EV|<(si":10378094317689,"9tdVE.pzBC~H$Ceb#d~XIz":false,"^uhc4OWCl`D(5O!WSJCRVN|PTXk/oZB~Cf!":384009463620.788892402141939636070143747072565396,"1fc7+)Zh$~/W9vo47y|'d/;5w|9E,$i":false,"aJt3,,tQ,Y>XG04YJUEuj9h.!J.FtH{<+J:=Vz3":"CoIneSN':g>n(d*>M=NBW7XgS+sx&ziIOw;vv)","G#()LM}RK:i~M$=E:QkfQp3TWmC":779013138751926560903035300,"!6&}@HivdQQ^ZV`'55VzM47F=;2s)_dzJf#qvx%":83,"u$ORj7=M`FHQbs/0<}|s,n_dbQ{_<FFusk{d>":29147935327.41004687367385889,";`tjM%9ow|_o4kB5nc8":12687548488888736116641796166280},"dI5#sS$m":false,"@IRA(jUI(>|XiOlR$GJw>NVJ~J#c":[5340388808594918975458553223843882028885,",3'!/i",468011246658228379723338819.1069838966,22824433077986737,7672,true,"18I~;t/Qf_,d|G>~AC&","Lwb=5Y#AUI",480.7705919577924501425259202683628273332591,579.5446388395983157848402,5883492399873877643372540465,598899463973,1265881677394944988610488934584266583649.58382820718011838,"_SGKG&WH+=ZS7GbQaDbiT2.pjNCtS;&}.*",true,858.8884449583831317496,3170362878354835283189349948888198,"(Qz2F1X3",false,"lS2>n:t#VU|zJc2&9tQ!di*=5Qk;g|h/^zd9Ly)",394554765227331954888,54144992861818582031106774170292015.84042861835518739026517725164882443144,780789981698299.4628875601425233432070187926109,true,791082902950709,false,"d9Jh7YmkqQDtzWfNfO",794882543201771888960197959860363889.8838831211637326,2193670723468828024084694513843668.386967],"Z(x":[391271258715988709887587.831835986537399,"zvRN^'<ZvX@Rq3p",907469660818839485520834585938301983.9481828896311436192527847328997,689755602202052044.1293488050834,"%^ZA6fl|B3kIH8WdPw,B1:l/BVGn:C'",809828137716.4480948649465204682099,6437.784396376191909689018814786547,"vy??6Vd3+Y`.)wl>H:6DtUArga",108896740138828598482858944.877330873736778010408299,false,7,5.26094158478194731833383102711738,8875778186461808558.826371870,878655443853414471651784364950382113402.87891015619054008109896895362448,"f8(L4)wLeQN~>|Rw",58075463818721372395914780445115583.7263142983516,true,55188844584748559172876,864233536230259296869200897.63228591483890813263686328626808193,7991799473963184480,813750060048451389912107885288381225,"Iv(y'F/+E0PXRxa*!To%","C{nE(D:6{+OW4Vs|q`gL/Rkrc(XR0Jh7X|)W^","7rm1}&FI;<?hPW9BYyw",73939795534392481694668616641,true,5.8867882,true,true,66297884698705256318839350167850824,"~)p)+J0qwl=",true,false,"%HD&1n~RJ%c@HZ$TqFX`HsX%Qs.byG8y#RbX",68457104545871412652349688856526254970.8017738569,237]}