{"?rb7fqtXhD*&97x2nfY1iNlg":["cC<fA0qFB<$)75U73+Fw;2?}QRC*R",false,false,70859007960809569554106477005967140892,true],"NoG79vO_j&3fm9`X,WxpdVTBNAF,7N_":378614856469092,",qwiQ`M2EAk4l":[false,48302226005,75508630283405267835957728438,5856648624364061448739488334,8075697958430714081436896337.7944996789460058381032],"CNz(vg#w":29446064827099838777.85412309584692876,"1y/VqeAyY$1#n,in<E7Dol9:u>LF=":{"~,hb,:Vo<}932qtG~D":18171718.1316499403878889190665862,"aphvc":880750007070487819238.786,"MHn4uw/jU5`;FFWi^.y!>9=&":24205606489537915643.864471796676708548316836948,"k@<Xz)nm8;ibx_!~81o^yz:=oM+,Aqg":null,"ht":579802085889000891578,"vb%a<'`7h~Gm;,nxlRYHz=q2@:VF0":true,"CL+FntenJwfJqCh<p(":43180326180298448892155672126,"oj&{Y":848928157876813594781910.4453480785375693838643021320786,"H:DHgi_Vb{'":7.720776261384099062463,"dU4,m1K_?pR":2964129128843667040278077798485.36981933301189301086848728,"!+|%MWj3B$F2,(K(uN&agTp~Pt+T":false,"uK(*d2Akp4Y":null,"G.s/%m;7s*f=EB{?{Jw`A?IIz)'oNy":87989094832815404835472973274810,"O5Lpb{xNyy3CBnfz'G;,Hmt$?kmc}c":null,"l":null,"u*o<`;E":59745294407758676873.8449083779688886915000981409}}