{"(iLCby":false,"*T1jVu'`'P29fQhH&k$_4}bf+%*akOZBKF":{"~xc:Of4o6|^.Dk<5_Tmdd:gy$7$dSIezT":"zPb<(.e)101","G2GK#1'*0h.xrB~v&tQ:'Kl&T@T0Z=q;":true,"#HF=8.)":"1aDZSX(=+ru%J3ZA>7@","z;G|yP_^@*=h{fmjVAXlzi>/>":"!^taXv?2%T@F+TSoO*pU={!^N#.x","rp9@s1>RiB":858187665013055182.59294389585667479606620305888876,"J2KxZ%#'bIdOTB*Sxaaq{.I":true,"ZIZMlQd5Gx~SljZW":false,"ZKh3oNj#YY'!p;WnZ<KVT_":61980773321985.229803657158733507834078,"dHecK":5800530294978691519588287,"HpW5!q@t#9jRb;!1aGvp":"u.?","/DwD*5LCF7nib,l&)PdzL":82045801642800277882344173140931536,"~)O$8z)?hx|q%bT`Uaj07o9":false,"9Z&Co8;;s~T6q_CZ<gHZWC%":"tk(t=u1>@G=Oc)3PGp:LA*JJ*1K,","qNup##wB5!nB$KJK3=?7Fu<j!":false,"$<s02z6nTf%Ll<az`;j":8482383904882402812,"9><61I7?CN3TE'r":5388,"T}RL%rpqc_!ypJM<Ob_e0CFL":172889217688,"PIo.uTgp1T|c2C8":886327993,"=PD^85cLHcp":3888558941868879978619448129089600.2234288810627534715267968287917148303,"xj7xW;=^,:g`+^LpO9IJfZx+4}V<:m":18269386237163560826199,"?L;XtohUYVz6AxQuZH|%{{<qSwz3)oQCbPk":"|xj!E85$A*CP+Rv%SIh)s_YCZ4?hW=:E#M+I","TwMqZR":867483748348391,"R(='fm9+ao{OAD6Kce4dLp8Fo":false,"O4r8i2LoYGLs$<;{L'drc6&cF;>)ms":70030286433618302889.98977010508899655951894924673,"^fuQvp|=Bkn`x(cEg/h(cz_M1A#*5pW^><9<":28503082165,",4N*$LQgF7*abK%q":false,"9`E)eW;N4fi:":"zC:_Y+4=68|WdF7ijpW","7qjQd1N>QpVo(v~W8DO&F3Fe#!'5%^l(Or":4545,"*4n'qmr.}_G)Moxon}k^ILO1dVQ":29848855081330236751867810218538983801064,"j^g=GQ&?TCXT*EyWV&6SanLPm^S6Z&+l(l~,":25330967058212465799519475,"b~.#3Pdk/DSnTlzdefwg8a;}7WHS+e8XKn":8287105,"(abms{ld5qIW0x{g=":"PJYFNQbzwz)ZE9.K!>''}mmnJFZnDzTEt","3#5g%%DsA9%1U&M)yR;1NcI{":"hB'<pvLq.L`X1/vHw3:n!Tn5K`:ws|(Pyt","Jt":"plW'JozNNq>/WV'&ED6m#E?","3ok@__S?Zw!uj<UYk)3'lLh_%2BxJGq6:7(~}":89351525825140005512679545277.8438316178,"w``%WdarU}mNK_TJ#)p&TlmO.i}h'.aW2H*":true},"v*Of^2pJlmD8vFyHAx4":{">36C!;6TeX>;B&0<n,liKwOunaXmk8EinV":15082086,"M1":true,"xoW/0={=<.k`!QqhF<P6u3o2":"o1)&Ei$P|`XQzk#V+:Bh'D__X{lO`<Gud{VK","ksHLwf":true,"sMfsH":86858644421137856366148521229884088339,"2#.x3cJd/MGk>N":450841064338595148320.1122,"LGN+qQ$U*mW(p":18281378895316872781388880879501581.26019931838058930180882887,",RmVO1kNz##|R<!{{F":true,"N.+dE>k,70TizW3pX?YDQVr(TyouR+&N*l":false,"(76B#E3BY8&PK8p":2689188684.8854808787,"|J6V@Vkm$c;g&":true,"a3)0|Qze)cKci?J8oBhUVKK#":665328860058860788030897421093517076.867228588368795,"k":2880187286491054889885.5833806800286713848133588385916,"jN^?#/5s?0NR)`":89970342208463212,"xA<y>`Xx?vI2":89668087043487038188197,"i/F+n3@.PB^APxC748z}wu;16f3'T&JxQdZ/":"CZpfzRaAWx)=bXg:cOXTYBqP$:W)qKq;","',e<^u:OI6ETxjK'oyHbhJa>FI}45kz*":2962633485}}