{"PC'TOJd9eLy+XE3AVXEI{":[3692724320,6728628225047370.8487199197070143,12700220526689300701708,"/L7d%DvEYQ}bC^(:7F7><W$9,#",true,"YYg19w4An9k#Jj6W7u@j)E:!M`HewN","b;|y|h",15796847,"!hDXk7wJu4>v5Wq`FUb>voWs'C|H&MntkQ'dF3",false,true,true,"XI9Mzw>BUDAPvD|2m|.d;aA.EmS)SL!@N*/1{(!",982108323014767730689884724531831.5605210513176295185949,"{rs_ZIbp3",true,true,null,8156680409783659878428987243021482,null,8311266214136445430715381115158361.6184980673,"@n'M1T`%,S=kt{",973238685686630.81082335691359885823854276123976680430,7582552639482599413290054262795637,"W","jDPl1F`@dTjpPm:N'}POM(D8DRHZ",true,"Q$E;9H1I",false,"5",true,83893582195362,true,"@w!^u*9IkBW5x1,x#{1Hd",null,null,2657756074808311563818072.483654545603991981,true],"iY2ONIE3(eV":63775729358505661}