{"0:'H5O|f!DY'^kB@'0Ypu/v<kUJSk4":[544633195016008,"JDX?1Ts'^2(.y)XYGOhHF0",78832680585366592098466094615493387813357.29,49483,622861856887487986030338641722300446738,382748703173927227251353222888367028.3182304549216186910128650676286,true,false,48872843889548953662,1465284559067757369311847443,true,",C'#OmCox}u|}7mBg:=lJ<",89088390683925648285,"@Jyzo?w3dLkk&JGX^mF<dkWMzrk"],"!0+Me+":";.y`Fd)Lv9it:1'BHwg>=m","DL":905978148.744827175117254757337}