{"QORybn^P8F<gCn1MX@t.3'}4D?X":{"0|Zm^c9U,/yU~;CV":false,"B7.%M/Ddxm2}oJuzt":"'m:o$/2V$kTK%F","WhOq:r*QgG<":52899618879329090110591268859,"eR#i4ni1bN^^4DP3yn$/E:B":false,"!#xRD":false,"5M4%2sr:H%cOXZVEg+#?f.cw":90608405563861462241263.2468536018768608,"dxm:a29":true,"&4EoofM`Sz#GMf;VZ8hEaN9e!Z~kYo":"j`k<<Oq|kau","Dn(JaAjddt{`9r)p6b:":false,"8N6Ni6MC@nNbQ`d@PnYrWG3>A(Ii?!A&":true,"q0)~O=Xm!ktnv^8":5968987484312345862852.6534280984755498358310353,"zL4oE+s/rWZ,IHO%":true,"&g":23890869204951788838228058984798376150388.9998797067084769,"yG":"k>i1mwO_@>5|C|y&Qlk37xRhY:j;@A)_","V!Y8xDfgo5?":98680730968.896545529,"v0Ljwcq2je*NK60Agv?d2/":1282,"QvuTSZI{kx,b_)#WuJaI/?q<K":"30y},x0du!n(&?T9D)FFcjpb2m5_"},"dgnLPi**;Pb,,":{"ch5Q7fuG8^G9Y0Ar~dCFuyT3o.MlavG*b":"uv`/:","Yxf+)rk:2dWE":true,"ygpe3N":85328966785.682819157,"~EC}qSNz~Fx^":"b7.U<>8pqL","Zjr":664216588789985716.97985000110840916732262718,"CBtxVcY1ODU<1B|y6":82873745870.6493,"}&x!Bn":2185884,"x":"pa?hED%>:{L2)|~47rE`A","FX*==%":34.25355977995588246891710447833191095186,"1o1d;XEoBY#M:qhuVO":false,"Qp`":";:OlvuS,.ugPjum@*:blr","@V~$":2530590574967729504375.1274872,"/ZYN=}IO$R3'GOQ$JGXm%{m*I":451.6201599993799,"L#UYj+W_MDbea!Y4R)i_.@X$3X*":"2YAL;y?fD6%nX65Hyw/mgwJfYm,/B|nu!z","xx|;2nxkjXx}0$ZPi8X+YfQ+x8m^5IqE":58295,"Fab":9876346012,"1K+v@/aN)KiA9yLqdsN7DNvcd2V^nsvJINh":3177284033433944910106787802093407.61086,"TyUoMK=P'Tc9(djfMFDEz'Y&%>zKKasF":139808.887353544527180850142,"`<w:Y7%:":43346082965888167893047053.1381937043279820229119493050862981987,"?&11vn0{l;nUq1atQ~I(}6m?t0y5":181275038854455458032988,"n9wE3|{Z93/.f~HCqt{1AEh3":534801482771.78983998956381841215081025300810099263,"Ijv_KL":8114387799416901087466018889191882958.9,"'8bU>k!7DC6$:a~(1Y9;#$":8400569939356584159468731848,"h+t%?bv>":false,"~(est:.a{gh*=8N?}mlk#!$8gv%ADFKhW~M4LM{7":true,"u~JVs3ObHM'j&":7868,"rY(;|7@@SI9Cv1G=N4Sx&I7H{Gf79w'bmv}^":"bS4vdIdTqaW2Dk8",">B_mNWK7?P,s$(c":">`8*$oJJWtn$/3WX}Z:PH=1J"}}