{"ky1(g3TR~":{"|xAQX)nz4XE,VT5iHdBIope<^":"KBxJpI#0|F0B`,W_?O{}x*!","CtDaZWHWpKMN$,J{/~)W#Qn2}s":false,"b03t^Ow1;W1i>J78lhC":7581130684709185329511243680112388,"/}fy}}W4?=KEn0OnKovAoyRp8r,RX}H":880.58976522022955189147280,"8x&`Nb#a.LPry13}0q*0J$0gAxg);G":"O#>A/|;'M*$G+lJki|I^3'HxE.j2h6vB#14MJM","U68T@_fzP}":false,"==GDz'sKI^'n_GF|":"<b@v=rF","Q6T":true,"<XhUSS5,Hda;n;U(!YTC@#1gv(x{e719U6~iZ>":52873588853254797673485183865689,"4_K,rhr;6%f{&'>'_aoTIqi}orX`?:`LGroVn":5754059475.78581187432235504459722298639885,"{73":"|L)F;%Np9wV","V,rO+%%SUC<u96lJ9@>dLl":76388304299498989526562372.350188674120316370,"'n9tL":true,"yzOFNq^EEz}Ja+L8,do06afx&muov":2660358188838306.97517764739873122583716598270386872596744,"%.^mbBODD.#N}AXNWMB=&9srA$FmQ;=_yb6":true,".":"v,9wc03N+uC","Dj44s5oT(TH)X1jN?mlBc(DUzf<j((V60Q":884197889682188.28,"Q}w;e)vn5YfM#9^?uAd)X~b%d`h~":9950284868448277929338.96141584068858818848413595128964423,"Dvw5DO3Qp*R9@d,W5}81?/yy":9321487726757385,"uuXB2xCC6q":43824767867,"cF":true,"?'EGNL)i!ypy`l?w2{,2eXH":true,"I1C*PYL_<x:T?Pw0vG=DfPG":85168798985939295253005807684415409699315,"EJ^XH3!X=Q6}gW6CK|C":9.821141687641389930714022695169729601186,"h9Pi`s<l%#kh`Xg_*eb4":368975728287627892888351955865878.9038572485030845251,"o;=!OKalH;$3_R;,'ZGT":"yN:Q","kB)7dR&}mwQxO0}!?:PgLq*bB4t":9969836597880287791202,"db5NOr(Fr'fp&z%&xhAukf":"i'Q$IUOPK&wh{<<@0'jB+6xI(9u","|9Grf1":false,"lgM+B3't@wn(%u!i9lkC<,K4`Y<":83888824301605298687,"J9;16uj*h)Z*f71lh/~%P;":48784170885685,"qoX|#O^}O.~.d9J7/jQe{yZ":"bZ;PIV~;H,(*","^91WnF):=cM%%#N":55270554211,"uy<D5LxnCkzAFw6lRhSa@@<N7NOJb5<AHZ?%(":58513468.78414716163}}