{"==4qY":{"sr+;W1)AJ&~8|ZFYW.yFYa9UvC^}|Gu":true,"(~_":8892888368,"pG~b.":3009584196484467.6581814772110036094968972559393081807,"wLy|~8:/5^bEDa2+X>4":97576867045570287617982355,">|UUi!+;%q((t7Het,u~":46526211678709085310,"rkQ*m>srp7}C;8i1`*E*58.i#EWj!WI>>":"5N2:x:&}1~P{qce=ruwuT+bzE~VROU'32`I8","g*AVc5yhh2CCwaVM07?":73004546388283584828204847915152832,"JrQej@pYFqT9%uLdUi*,9u>@nLiIlms":"87AQ9w>Oi91idO:)r=:vaz3&`brmGjtJWy4RjQb","m8ecn4|<^&H_OC=y(o4#1{Z*":701768357.61846509081570024642923521585,".HLc1`eh^LP/qMW85&":80137831282710696291888988183080103371.7972858405282828506688820,"UGEJHdlb_0{nu.u1kWf~x":true,"a,523g/c2Hkou%CD.":849441891278480742525139,"KHVJlW.($88fes8T*ab;":"JrOJl@n:?vBMm'm<P44Ul72W~4!","qzMcXIW":4847005086478695412499.44169878033022977899633117123},"eKqVmFihOkT3n":"RfZE@6/N:Mw>JktubG8JU{u)HDsvfPL+<EP=l"}