{"0.*l)":64923727138831971391082498688856732544.432491313077457730300487823,"G=uu?}m=ZNV',qbOU9';$Jn1(;SOeC7OaYkG":[false,8215655880887814485878388545905013976470.902711385384242393716101938573188,false,979258033786823441500230149808,868021,890081324980697668491568890169429,89644941878,false,89549058273.231854676790605948245722958803821882691,9160832588946389628,null,true,true,274952148219278999152332691175314983,null,null,"/rE/1_JLz$mQd3l","u_1M%Is@re{Ipo~zgLUp;F9PqTAxr83%y=>",null,4,136657802681736493476036208.68985,null],"~<^MVmzz}D_nt>tyXo+E&v":{"<dvZdja>5D=f4YkGd":16012083435368,"<MrLK{tSl5SY+,/g:rpw(gDqT;Q/sTPCEoM$":null,"eV`NRhx38F7@>K?qD|Xor`R#":39131835188006204.1627872341308778100357115,"(cU{~kBJ)hu2sG*9Q@8,ib5J=U9":77224722648679923,"~rY*'":4637536084073684009.781814820859636762928354985881,"62y_uu},+R'/lTU":null,"ess=w*us#tOjmiJ{A":2579443821784.975865888655870027497692168186,"=LGUPz0Pwe.JIQ14D|gLQjEdiYm":null,"DZr9Lk?!TyEaD(8{^Wdnv":false,"C'$F)To)~vuEUA1PTU.ZHD":null,"PkZ8,p/qdid)/XidI;Y<q{NZS@":10095774848668.8660032824689588209565884751375374,"ahrs^n/^XTWkgSi+8YYz`*WDjd7}Pe/9uO":"{Ap&LH6o","ayNa(cfXtgn9!EzQ2yRn2,l/G&'+E9TZZt%&@O^n":521073781725502008832058609.427447029311148,"`I&,F6tpUN(rL$gw8@n8:VIxJxoL~ELnOzm":null,"y2Mi":9077484371888082524117380438,"d3_a*P9H>MY{R$9`{U1":"|du}O8wQp?qILDL:O2wlB>K","S*c}'E8$tN+^0S~0>~#UrYxN03JkT":188061868817778291505252845818844901592.3834188035236559339604930295527889,"D>5WkV%psqe`R7Mw/vt":78700883639380550121041355},"%f_*Yv''@w":[true,892216716197828803385716.55737027801929749818467884,"/P_^X{mg%0xIs<';;L`$RgHu{Ob4JNEW^D1@?<",true,null,2061447853959833122518628439.6023613001711786815271316121258589,false,86879574042515.263654732755084155020,30261780.2564584388758543663574228113858,833.7488464098227923121985782486038454,2732228018.801874990749674463774983551380096533789,68886896887847997843540792286057349387921.6670878502981875362177412389996618725,8839509571896999818385822881448,"Ak6A*m/DRW@m_G/",null,null,true]}