{"V1W6/":{"6f0":88208181133883,"J":"I@yWJ%d`(jK}","CHao6F&4!B)p1Ro$z@}gJe8`uUFt}GAnC(<Z":6581807167303553770874713583748812541995.106,"i^!X7gkNDfccsAZezZZIm6N@{6+El`pY:>":67810,"Jxv6:l*/yp5{%:_>FKhbYT;?:p":77200647348009438963414881027916938509028,"GJ8LkaNl#dk:R=Yg9(`4nk_CdWAluM(~XY<UBI":",'eHlb:zv|O$MrY$(~D@LRM!DH","f9)":"qT^|Z,9xHO6PXHrYzofC3t?ubRjSybG*)+N","G|d9X(r)hI'LAZCshp0jZ;J@dnsDlh4?K8h6Um+n":false,"SjCnft|D_';@?'3PKkmuV#d|6KV'MwMz7u!{C":true,"XV&WvL8":718173876440.739588672888639525557985538188,"W":"F&km+phD!2","~ZZ2?#TS)vKah/dQpkjeeU!M3Ma":907075882585841223,"!S":"SRO>RwNJ`:,e|`DY/2+:SxYTxcNN&eaMva",")aNN0yoX?2G+bQ_Vmgwkqz*<u>4I+Ue<..}~!":126128768489778908016385887257111230.929148738287028957313028,"n?,Xq":5157818282082555867827889070377505128974,"Y+|rL=Rx3a!LY:Jj`|g!L9n=PT23k(e/y!V":false,"bIwRVAq?0BWE5Mo'u/^))82sR)wBvWpRFE=q":"FWeK`)VgMc",";2NM@c+&xRkxsGvF{(_!vN5zV9ER{}w":false,"UlTYS4N8?":37826733107485925933747124086358925195.870436919918933458449010887437362057738,"OV4Sqlu6Zy/nRb7/Ux'W1pJexQfC/lkC;SAF":5343210038079777986228897227388998806849.3077881507868300,"y68jSlLO`=bsYI12LZ+.p0+":24656375324055508,"+}EU!qK@L3b=qB~lUsT&5v6w%b<*y@RJt1":2487801444130600823835093386,"_z&":false,"y$|zr}TTnl01yg,QwzGB":true}}