{"r0r<A}G0q^s+R4<#:YXv|uU=v(p*gv+/8n.qH*":{"7dL3fWS|!>rA,*on8aXF|(LKBOH":97467564,"!6~KP3h8AI~sG4H>d6zh}:@{.JLu,`2'EaDbK_":2780858208925549888478138819770238842.72819857863294144271724667358270,"E9,|W?6v~o0D)V5~:%&ua?BnsSIeq<z/~":18189746341089682.8827483484600435880727879925316607337,"mF!:,5$OJH+t`=x)|^{":6968462855179046789850856898552882997517,"Q>)/#Z*e7F(r|#;u{^nB9j2Lc5YdI*":2786178203.681497885101,"4sh$01;&5E>#{BSJ,w}vnbo=(^":6788.56242105056733233818987662455877694651399,"Bt4H&Zq=Ow?%;z5UeI8#5Fod":8026957720.5460343138968880809141889810637,"a?nw)9a^.fI,5xlJ&+C&T%DZ>4aj&ln44Db":false,"j._~4KKqq8}Qy4vROh~":57488.30613513753993178298988333,"Wq:i<:":"6_YS=++S@.?","G,jq''AeM+D41,:P.YTu&SdYnMy^24":157231737384055689438551589458080,"k'~rI?vO:7l:Y628i3f2EW'{":323266920372590338401568289066453708.4234395991,"0":false,"0'}760":59370587310385335396806001804379482908487.2778988412433707,"FXFqc(Ic7=nU;&":"QA$hqs{Xy}re1pAJ~#<Hv1{JH~s/h8Ph","CmWRqYT)VkEpyeeDTD`pi0xv(XKT`^Kc?,0?":79745230583786013.304,"/b{f`!G":false,"SJGJbe41JhFNE%(:1S+L.o{:gA;,(RGpRo":3.3930833132,"P*3(H#`":569760515099982837117802204492756,"YEKec4y>AFU};U((>rlt}Hcbw{":8426829888,"+*&1>X~_h}zqQ`(<Pv3?%(m1pV7YMpv#/qdK9%":"^ZNS","&$/mt=hiph!8uv":49068877510359408884659152957.268812167283101133879458461,"Y@~%O72eT%S<g#*t":564908531244956572195670084098788.91,"wFz~0e31hKts":475520424401212,"sHEAP)SR7K?F#J&hxyf<w":false,"&8$tLq*.)cSwt":false,"+i|jp$4U^tZ+N":"lBf2wzx5oQ48=Z","Q/*+?uKRjE!amd.I*!9^n_ge":4710541710859407868756544028005662022232,"H?D7fdDw|Cua*gAY,dz8":"q?Hu:&Y$k$^M7vdhUcGfaoj$^U)ZtEO=x","d+4bYqjdby3ZiM7Uy":28661399760280600102780481.706248186928082288947555266678,"/AGs5Ak<B+x)W*aJoi'Ac":95330,";)ffp:iH:<q?_c$u%n}l.|mk:g<h/<:j,';mV4Ms":true,"=T_U#:,u":878891271938055432,"<{.Ehk;k":"mi9r@9zw:gN3|=)JWI&@<'6*I7&Q#UZm|v4^","<co>Ao%H9$r%P*tLwf":true,"oE`AY>Mc6d@!}1j7,:aBf<=_A0Z4&Tg":98.68803873980330197828854680479707370897794,"K(*I|}wJya`qwa~,XR$Yt'kcS+|98":5170953852024653189888635,"@H4Vr<*B;9nm3P7M:B:s6YfD%Zhz%~w":true,",lpdak==C|23B64!'~n6'Mr(0:!8I":false,"Z*U/@*<auK9m;<8kYZFfeX.o7k<X,Y_/":8436884845123710286453850003485933649575,"Zh3s@hS:%N{M6Z+oky":"'}16?'0m?:$Y<6G?a)g.07l)uZ:=bdj8"}}