{"NHc7awPVQg7umw%{6h0UbwHVf~*|":{"je$6<YHmea;3UY`x<neT_f~Ofg{;@w);vI":22646215826888031144442353518100939,"N!tZ(=86{3vQIZd|in":488223823469720866447542363499189312078.19327966482948341134818682,"8z;Te^!!m;4":688034958506585481936044797882189,"&?^n5VTXX'O;JE_kMJR%4O&Kq|2RkqPezxs":"Y+v:VkHo,zd&=k`F=3GSh'r","*,q{bbA9>S#bB>b'@!8h`V^g@7wm>x=$)U4%":null,"a8Ve8YYapM1C'02Y&PU`fCHJ":false,"U~d6gh8icCyQa3u*6.'@(udGp87Fp=1j":80800357841245731188785856,"mij7<~Tmkhf:Q,bQL;@RH,B<*^":true,"6%z,l/{,+5":false,"1x`)bR^UsH,c+E3{_x^<X*rHS)":297778170.883540859605932166698883152673378750749,")myM+f,q1+Wwj.H!o":"#cr(H5gr~6D^=VMaw/Q/B,a","4JEHu":false,"qYO1RJ":3775873.4638171459,"TzJ@8K'6r+2'`Oa,.%7L>Wy":778129342022164872471227,"|N!t#@^qCvl,HQuY$6};&&>NKHZ/EJoil'MiDB":null,"ZOAu1d&":null,"85<8A":null},"EYdKOW|!OLpvEtV^3F2/|?/mo":{"ar|?5m5":68678932888826837383,"$(>~N658Sf":"^G|KUjIayk?sdGzS?6P67q","MOoT+n)fBOZ*":"7&W1,w`n1MWI1,v","*/L{CotM3m=AlxFr'N#&%10^Pg0XV":"W3#1E4P,_OS24d}#!`EqG;?",")":33267759288183565706668158475607028,"|sf_.DkvuY37awiI&v:(i":"=&xww6(:LlRe?oBK8Sff*/HIDSP1it6","^NX8.b+#)bFe<(HW8_Y/H2XO!)uQ8hZ":7848584287,"kJlBH&Y0<9`(Wal":true,"h5aFW5>rGS'^=Q;9D7oz6GJVn_ymju!gmf=?Hs$":230848,"iZ|}@y$i5iDW?O.d|i{s9:s14qhrn47:SZf}nm":null,"m<.":58428084268816793695,"zv,ZT4hn|'8Bmwxm9'b":35930092136465084107075892861320401,"@1Yh5?,FCIEpr1c(":68350110708875,"9p.#j":null,"a_T/dr?":38833553803087.6533575430365001026207580155,"2+)`gFy":82.2819340880403848048800595015050,"!+r,Oa%x,w{Yz+W*/7Ne7,EKVioO6_6$AUPhr%2":false,"A":788785,"(''?;xH>r5BSFL7;":7955153879.48232281171289137448266567464820282136,"y|``=&}:.s~5G@=C.qTY,_Q":4638056118645083,"<1CGuASkb<JBBPq5":null,".1b7`bw;!QfGt3Di.qLyqA5*eTL^MKCyJVbq)N":null,"4wHiP0k'FXAnU'":true,"t%nSQ&8Lbk+|i,%h>5{ybJGE8!d_o@0Af6t,td@.":null,"i^`q_P@gKT99GTcpQx*qe:!{Hb":82830.6124573,"3":"+K;G+afDzhm","%~8FB)ECF'V^6}":"2+ut","r<#L_Hu1I7wo_U%Z}r{eaP~R8+~G}~3xi@b":true,"+qN65coXo,vr5RXXS$eCT.X`v)p##1jch=D":null,"/pf*).?=w*:/LKmdCW5;fn&2F(,ns(!QKbhb":"VcFGOr~cg#wtusW}Xin","cAp&+JaM.+L<e!":null}}