{"ZWqQ6JnMDa|SILs9r##|5F:G3g!W}b/LSJ":"20Dw~2SrG$4","$zJ;cLea%l9hi2u2<TpRGm&&UpG6":975.38066354583834145,"9W8`Vx;}m4FWT1UNOgVBHU>3@>ng&.B9+E":812612525825985715644799533.895178018283042,"uXC<UE?_":false,"b:SjSOj54o@`wE7ZY20F(e6PlznS)NRF=K":[19305293980370582045244849.783597009817553784513177438,null,849460074081973811117136,true,null,"r$/6N",null,"#9m$d2!h8G^4yFjhI1E=$9woV,i:?v:N1)A,c","ZD4~^Ll>&5#ERVe`C",4882012584414441304262407068038995,69,null,null,"udOcZ_hvv.uBqS~LjK","cVkIza3VDFy_R}='W8q9*sY0NoFu$d",66869432725405939008506659230365755.179588720678535837914008728086636,8417820133246849422218817884803643086491.464595914535059613395800214136,null,true,true,null,8317016808889057,"faai^MfeETQ%/:L%",4433.976828009,null,true,"7DAGK:",true,null,345955114651574756278942579031562.7858765885558003494250,87957282843459445744216062640734388324,null,"$99i3pcQQISOnwI@n69",1039683726688349523156393756826879044572,"#T$}ym%KK*GY:r%j?ZpAhVI3#'86^$K"]}