{"p+E;A$_(.":[null,"eFP<3wcvue:EwYoSI$v5xBaTG9Sjtb",1393494775964663277916987088075522106045,458660374325528478805107130,null,false,3460168852455386383389526805,false,"yzBDF97(B=w&!vD3b$+a+Y*4?_Y?BH$R#O*A3p6P","&y'e2<U3xI1#t$&R",6562527292236789.14110308,true,5,false,335893644398588842000751320781,null,null,"jz2^YGjuWLa!ap.'_oQhTl=%b7/Ys6b2I8db<",740823530.6655023228868645272648885975,true,8,false,"!.iIOC(yQ1MbPGZaTsnrE+",false,true,true,297052075680187146987.90865869205286182620903893192863518,71388993578771456885130354850730887441.7950039488887,null,null,null,2032664723987112118334081,null,true,false,"AiE)i(uBFOJ?XCR,.NSI$Rj#O~_B'4"],"mc@Oh4Pziu4%dOKo<h)I~qaF?C!wrv/i~h.If5":{"7)/a*$#0lw~v+4DcY;Vj^Nq20j$_w%lNJ:":74593536848,"umLSx(y#?`M!Rc":351784807318595884321522681208.4192588391202,"<n*z7*M>:na?MYX!T#U?t>bmAj9Vu":null,"Iwo|IOdZdIWvn&FU=T96":false,"s":true,"5Yku&FcwcK|q+RGSgWM1uCnG":null,"`PGC.+9FL*mc>^<'R~sj~nsK6yyrAA=~kX+2OR',":null,"%hZF#Si8s:U)IlimE0+d^i&<r{Suz/7;TIW/?pqs":2,"zpIA!2t~@r*uk9v#ryS'H:Bc":null,"A*EUH5Uc":false,"/q`x1W@N~8szBtLG4Q":"hxao<_6hc%'z","Dv>g<":null,"RLVUz":false,"r*..!6Q@p`%9bhAX}YDDDp5_:t*R_rlrViFubv":"uH~^n9;kI^>q@>lCDubn'iEI","pZ!p,Wn8DG0Ti'lIbvc>8Z4Gy^'C":8014869452168472252886748393559.28285782},"ys'nT*~e#1h+QRZI#W!LaDAn5h'h<":[true,null,",jENrMGu","x,+IF.PWrh@EpGnSxW1{K5",null,78150766651515903.83751508405435883498829,false,null,"Q",882056894309388789835337755662846.868932550313958563218494247229811280]}