{"#68qzl>nos.N&":{"Vh(3Ph=;X,N":148627051762584.82308825,"J%=#iDMw`@4lBabIAdA8":false,"_*`#vLBY6fqfcz~qIgdZ<z7=s.2":55573,"p_~=!3x^w!kMn6":false,"A{GtYyfSGji`N'&aOpjuqHrrhu/Q{*Y(H":"*{G>>aN'#8~wIvnj","8*S<UxB":70033384997748087278695492942868843003356.41086946118857009970189772791180192,"rhy7Wm'`Id:8d>TW^N`vmrKrev(`aoza3Q":"g_?;6&$#cKcV5@L`*D+I7d>s}n{","n{/@M/G.^FI":295870874149868},"mNY#L5Uz88D40#3&D<Jg=B28K5@nR":["x4%O#6D,:y+CUVvriYHMH;Gp0>,T8Wkz#JR","`$o>gz#(ZZ^cG*VC,6VRq1",false,8915869914.45550,false,"&m6tZ}uX(a0)|&",916919476621984.8796881985618791408992598986503296489,false,8448783197818984883310470,646852881875778359571032238.331318389066863619238063,185628368994015135409480893012828882924.79783683899491188349191982595,"rABj/>4:|MbdE/?vaHlM3MapT=Z2aB`}&+zpQ",99.892147646432,"fBI<8~a9#s2lPFb6zG6VqF7`&q","'U2VBh0FC<Q,4Hh&Npd|7Ye$*y=Me9",2157581978802773515841861824962359,2836704887635257657470237676399803638564,66449196831522992887329287739898],"dk8ye|,/.cur8mTn#1^CZOD?esq)j(w)L:":{"L7nF:0z&j|P$JXC7,qIIR{Tp/^.iY1!iZsFMf~'":67558071810251888223750367.381858882,"+$T%Q6E>kae56)`Q/":8281782334688282835811888686,";n&knLFg&}Qu/b:PG#='sUu;^h":"d?,NIL>~;jUn3CTb(XWB,q!yLmvzXDJCp"},"G'+(d32!1EtXy<hDh$k|SS5'XU#)b4)%KL,4,+":["Yqf(llF3'^QI*kUvjo%ODPjgm;n~(^_x1TA.Ad:S",23828638995409154722639668689931064,632349428851323449308.66688598880874889559806599,">v!Nj(R@m5E(",true,"~7ExBd6?_UAemNWoJWhtpj*EX@t'",true,true,3981819285919,6,",7#lk2Uz5OBTtXk.","'0$&1%xBN1rxC`D3=bf",8871330604391859981993986.365089309,40878,false,232881015702278928011188309913269.14758883348317886668107811819111410777673,false,false,false,28284369506645851458600639713307,true,"uts","ko85CL.<M^3_W;~=9K526E)%I?=0~",false,661.91551088723705838248,"QQVn1Xe&b_^okQ3=AHcU=P}aqquSs}=lO/~",3893815889684,883,23795105500835006046715,true,49942508412688.2280458152,".Vc;$o^uZyp,4`RF{ibcd{!tw9d^ZVFQ*rh#",false,true,"p`I%4k`Jm4qh'PC#,sIm`'>rk"]}