{">`)=VYL`r%g^Bs,cJLUn1s,!$ZeLx7Sjk61(ohRG":[88012472819914,"F0CzT+T?2YabY}d`PdE5BQj0J:Ae_",1187886559959649728988092720.1596357894962488974285968288,true,false,true,".9^kmm2Nvtl6qgI+O{v%?p?h=se",true,false,true,true,true,620882598655.881923320,2167212884765284280668530489.23685433344536480514235380,"nS",8903539920138833089.61957926507258082024713790683808885037819,"he1eca~urX~*e<Kthm",80130497181],"4nJ_GMcCJB&=,};":93432828109.840688588018255250023804838281484,"Tj*YQmr|)o_Pt)#}!VbCH":[894887343685767495808176404987.219843024037959987568155832875118903220,2516,969856396335788294884628227338838,942304886054,"6fSIEE|Pl#>3qVs*NzG%t+^GEuKi,nYy?y4xE",728448075932603139505.86372370131143306472698528475939578,939854282693173889889,604884408145892182091086626024787717,13870722,6806703010738725128137833218960086.46090101884801889524410709,false,"rFdrrAZ>7K,k=sg.OL>3lL8g&WDF2J1",2053888786873027048779518920483,51513825409433854,892885199446598.25444781816388505825685947389553289935822,"2xv30;m/FKkE<Ns>d(~@ymP`<(",true,3594977648902941346517223473887],"g!PbWL@tyP1EC?h*alq2J4m@s.!":[776429381358340862105983863369341,520825896779138363941,8465007050382487512832168053346770020,"AZ",3469319126,true,38519273048700602953575190480812.9405983377,true,884583172402795293208756984576333.47,5470089284419693885.69236769010685220678636275088080658,true,"(}~nBa)UFX+Mw~#8@kiRWLLg",false,"cjlUKKsf~C~(~PtR.d~!)X4{5C<",312789238476042,"knaySsVp#@C}Seim9:&",7534525988975987743289556711838900238.863625270684570398043758177458341139140,583381839181710577182398447759015.7693496712274,true],"YrA+bK{=F+'vP:afB2LC/:hc%ePYQR0=":2484817132627383454863.44902219155209937468483179177519919423586}