{",/y":{"La1Bu/*s0~48^DMfdr1RmLHqjq?Tg<6t7w6j":null,"aPifJdPl&:{U5xCfGnzkCaG?S&)'_<":742888282523180126403315807120399,"(G#S@m^j7eJX'acGEK;D`ZPe2sa@^^{":"l_C?n(22Cb3%SHv<'z}e*Y","NU~kG(=F/D@V7A&a>P6MsTtIWejZMRjVfc+p&b6S":"sH7(t2+S","c/e":80354032383888240516126970189616238.4160381069319178355368,"/x/!%!F}}X8R*C0zr(pgF":476824681348814768,"6NSGhhxGd=4Gs)&,IG>ZqbXg|md{w`k=gHEg":false,"aV+XjVwz*gP'":false,"`6/37s|T$5%/h;qW1OQ88gIq~i":95843.91948099133237716611334321873},"$":true,"L8=eLj3Y7F|X!/_.C2nq^8p%=F/tf;":864081704320288168819810.800835638,"8W2&zhy5lC5Oaxg3>W<;n":{";U(K|o(`":69147901636708169,"&~:/8U</whw,,.l8:O":null,"+JD4xNCBg=v*N+^25vuqgFg,Y=h98G6o'":null,"qc)1m`g#`xzs":false,"wz8EcN)2**WbgB2W0Im8dl^b*g3_oN}}P&3":4888087969464,"OIkE&B*F|#s{5<4n&>B?":true,"W6g;vaf|H18_#aQl,bl%!{u,Ux":true,"|7*(uE5NPVUh4A":"r'>6%qyD7J8V}LGZ|/saE","|?1wkbJ{__718L279g":"!kSP#2k+","m0~Nj4cvV#lw)LZ=u5*HYDNs``pukWKq`ZLd,&":3,"ofQU)xDv1R9":8184014576978985237915118089386,"qe@SvyOyi?ZwXp0f;":null,"Dl3u1pb@":"_aKROp~K2cmf`?XX","O$WJt_6apb0K":5694777646768664084918947182616844,"J}=n":810234515880769.1763573460621947986068653468573760621,"C|3=beg0`h@_*0$j&R}OM$buRogjtXNK^":905657594508767678496838809166821.9,",kM(Vn":true},".3~nW/U&mRBjL7uG&I":null}