{"Z~A71vL#+":[null,null,false,false,"{^OZ|a/z8#pgxIOA23",null,false,"RAD?UzB'WmM6+dF.UvUn^zFuYIf",89218674703713609315025824251408.606,570830287808896888,5824897301746840.7105470489072262842778685431863,"q+K&D7(f@uDM2A`|47u9=%0PA',vt$fXz1",797,false,null,73,2621847600919506987,8722509,"}}~ZdAgrF$@>LgT=oj<WuSo",true,538463.54348570935,811856588098482005898.501151272,85,328629829,"z3.nW3U$0",45687938241848877803418884728,3298626657835339868074776329918983424383.61769813215285165439468525658824448,true],"ZTUVlk!zH.W<C6|l7QR:WbgwN)A3EOpyuF.:{V":{"I}(cP5pHVsFpCx":true,"OG4PJ37n1vLKDV`}a<":64042780824298483072885.41894089074809483143034243615,"95j9`X4F'^%>iUWmm{dvGTL~}Fb+az?8}":"g`2|5{2if6wN{p7L9!`CeP","+":278521068686115.873938374801998887882702338829834802809,"<VyIBS:#ESsYIRcT3~@":true,"L^k8T84":"o`jglIY_QM=Q/3*d.*I?8w(NNb2Sw}","l2qLkJ^/CKC6H`zf:YAqwzXMoHjZ7&":null,"uxWtR1Q(XD<U":876557721199159341965411131882007769,"YN#":128296286708084035,"::>9)ZS3D@$%TzU*B7?NTc":null,"/|#@tFM%Z/$^)HOx;;7>caI{6B":false,".F(okVYVr`kWx|DD5nE$8zHrw}L":null,"7JI`oVv2'`*<ihi>Rsm":4018975.37124715038,"DR:zy8B9Ss`5q'V+}kPgp":50783245240878111614083996880882805813437,",WcGh610!li&I^B1_IK":9985805319,":qXtwSpE$OPq2MD|7L":3886016085244882854458436931,"dZvUXDX:F.2":"dnwAn=/"},"XJl0.Z:APPMioT#|'rDi.TKb#e@'0ricY(V}eC9":[null,39948382930214884,null,null,2.403,null,null,207832623578822335209820.84531712140884452285,"g`M.`'.sl4Dl!ZY4+a3AKXFAF|iAP^9>=V:i",43336123851439032755141577282633,"EBK&5DGYz5*",null,188285319541.4656905,true,68354767548.7945978,null,null,null,8.49879812334498099846,true,13.71118122148558523708483080875074986209,478938038287288900,false,1834238218.13152,768218320069565545.8259878658339285284329833848268897230,892,null,"12pv=L~w0B'h2SUUjNA2:fQ=!n+iYI#:N'",82748004888413959832112508.2889001474962093023201,346088511131910.28608187340750,17909825990328708874,"`u+'x>~,_|oq'MJ|OcHWSD","z2ZTxRb`w|h",1787324168221824147300483358374788156.3283589402758381913781],"_T~HWnd+HP9bF{0c9_BzN@}!rxj":{"}R&ALPj`Nm7%^)Xb8J*+x":8084142316808688023316328283587,"Km<H/H7a7DTV6Jw{DO":null,"~":null,"Rc*b/OuaCx":1229288347831526.65469375776474033802363783133387987392,"m=jiP;Y*sRTSYmXfA/}6LWH|+#0RZ":null,"/W^=:ed":25815463485726539837662026743,"zD&^9lPD:K$G;T+^4O|":3543616618313448054053344,"E^,Bx#^+j5rp0P}m.gYO~kiuoy":88181083864834396,"#G{V4t#|p3~B=UU":true,"?,A|kOLC!N":37852030027388068843788994445.6238378758307418,"weJ`dUEV{N=h%%u_shD(=)'?K^S3pJuu":"hx+X(&A=Of;+zsaw","S":null,"}&b#(aFpAmjbi3|Oi<P6":"4rfELOR{6FCzE+","yaZr+yQ":null,"z":null,"nc1#.B#SVwA.k/x&tVM*1Ijw75l|M":5188444588936784790088770814,"r{=LOj)dbmDBNGE7S9Qqi:6=|=nW/=dBz":891450188200201858658993602081805570863,"?x%/eGst9a3b#k$*?B'~{rfrJ;~jWp2bzGli":"L!VGpY","!S":34475797.585301648028,"X;1%309/cO1Lwk1O6'.OMNdZTyrkiR@Cxfc+yk":46777940489248943642888.439487802741560637479385505495588618974,"&!L&N61q=h=9TJ,9VTe&PeZOxD(>n(G{":null,"R!:+h$%.(dWL&$@/R6rT":null,"`Q,vf!7Rdhi":true,"OM_UKS5aeJf5wG=6.(RD1f?`@YFJ>":818004281,"MROqsbv{ZH}.C9kIA6!XI5TQiF{{<`%=1UcN{/X":null},"{n>ZKEgZs:Kd07olfg>Vt*":[36638423413.568,"2IW&yFJ6+$yhF|&p+wA?Sw(Mea@Zr#7Xt$Q~4y1",3582672266,false,"0,_j3pl<fq7!M,e8?",true,11851581680996073043689840695570320233.25504633882328949165138247949700,28273753280507577196366,524750881780298689978112158782.369271088498387207115,null,true,null,null,9674,9930088254728500916468827828373203681808,"e5z>8;j0qWbS>#HbpyT:2zK",null,"~NsJ(jMz5W&'&K|ig6A?Q:RU3>A",true,null,null,6969035998641280475368958.661,"Qg%75ga.t+*WlQCl/>_'`E`_",260.1881868828385887065207327892523728193648,"ji{!?Ak%#u&9WQVnb|&R8w",null,true,5081815538389835,8825600218990430282379398163951330875896,null]}