{"nxP'&*Zjk:bE!T^D?M?3W}U2y>C=#+,*=j8^5r*^":["l@#/h}2_z+",false,false,63991659381783599568428,2874600686752703501293671571,99583840627,false,8872851080249484453361,true,false,"/!:5%cM.qq1{",false,"}fWEFxFOf,&!j4a",25104,9.163028832878,887357885939814881691,188707784392389467616892336,true,19085,80,false,"{a;ts~5g|h'cI3(%lqHy",true,"&x6Mz!",true,7770888849860382862801588539185651539065,"OGVPaW$w,=rrv0rzt#eC3YaOW@MWa)I2!bho",5872879,34820182737138403605385380921683857334.729445125046882394],"F.`);W+N2*5?fEs~2<Ed.lUG?@ZwH%hD":9210611288384308727857224270414.89753319343766,"F_$@oS*GQd79hd=_pHxF0b8J;W/:H+":[83150830954162365326471786258931229514.55,17207875467765,true]}