{"'/MH":";Q7++DvtJhJ(RMkgX","UCGnom&|wP&wtJb:5(e)BaYIU?F8JOpgb5oT`U":{"j3uwEYZ|4=r<l":"&!o5","E2~":2980938427820061119202365459028089888366.61681185888007289227284788658706808,"_`qV6Tc?,_Ou8QQrH;":true,"x4x6|arPn0!Y@'":null,"dm{e6~74q0":false,"t|t3widBe=Yt(~7'/;/HiA|@":28.1927,"K@zO+l!./yW8+<ql1).>BgV":null,";(4RO,1O5I*AAe6!x$wvwEt5oH{;c":false,"SY,b0a9/6S_'jUJa4A++Vh6XZ5sOCL":9273605331816104989537437470.869,"4e8;h3#":60896280006790856.88356441400,",nE/.C#4mt3V":87161151082814973891995},"to4O/c7$o%u`9n1z+(us(":{"c+@J&lPFrTN}7&sBK9ZF*@*,lq5f;q|cS%aQ2":true,"IA.E_}:A6'DMnAUrY/`i?%B$hS":"3D)H=wI<`{&mV{J|7$,<?","1hJY:XwdS":null,">Rk":false,"+&sNS8qvLQ,@30cn~@'zET:1+rs5+HaM4E":true,"Rm!8H+viZYKo~L*rORPbI*xSB":")(!i,r(eib'5`c<xFiuE*7ar54rXOVO;>y'*8$","y;Ep:G1_HELAnuAB>9@^`":"(ib$Z&jE+4VH","sE$&srB+gF~#H=WFycZ;~SG6yqnF/jM`eaek$":false,"2Siz&!":false,"2{F:d#1*$L$oeB)w`1Zik|9xRBoF+A4NF7":null,"y}pdnp1H{8":null},"(%3FN8wn":false,"bqx.,|":{"^w/B)n,1y/DO?v=9*1Z:$8YzJ8u_7+G^6!(":null,"J>CcjT`b`96lZ@JjY_/4!2Yt*7AQTk|guH,":7.88387,"@0lAfSP.0fXzHKJ6*bW":false,"KnB}0m`/%{_1`wCivhQ<CU7`Ktw":false,"Cr":"N","mODCU2Y$KfRx":false,"z":6712088327,"/?pNSvZ_TM#^aOYR~@(s'ld#9l&S%S>WKXcc5":true,"4`q=9~8wouHadJyOI>E;Cq*;C(=;Sbq4C;":"QX0qNS1?p+oF^","?Ef&d":680598945193775941064648213813091.78158857548843986394210870755560,"x,":"W@i:{py$_p5Yp$LfUG^WfP2Sk","Xrw!AtW":96484055187616386948490590788895957078.831881853948808910197882630378345254,"KYPLk>0esC{~8^u;tP6?C>0^Lycu)":null,"3Z9BlW;.,Z%w/F`t2>!ge7sgexRPLw^O*$+Wc%QG":null,"&yL$x}aAt/N)F{6%*cL&yxR/96=Kid_UxPp":null,".r?$JmF{voU=C5":67570125,"AfkQk4b&;%0>21aC":857292000809880579693855510063896,"_wC":null,"`X)hpe)oOG07WGLzjq+5":7087808369898982657382018498287480.87800840237162398890671838433712075183252,"^5AWs{R(i$${>w+Tk":4756.264281499310190277985818569,"Lg!:G>ILoo":12172819345620095218780186949943,"3wZw#^#$nka7ei7V!1Ub/ji6":false,"bfxcz_KS7'jI{^>gPK_ExS%Ui^8uq3M{SS:W%":false,"!~wTP!_c1sO6n=Sdd,vybR0wF4^796$qsg'yu":null,"%wC_7{d&5F$`7#Wqp6R~5W'B^C8#~6u$Ink?Q{d":2165088186302866889872678583,",DzEOybnr=":352942418392856591868688.712831363213640515543908428351246737,"DP!x":false,"S!bQ6Fe'5Muz_hY":false}}