{"SXS(xRO0.=hTjY":[true,null,true,true,"3,_D9ErHzXe>"],"BI5|&(3v3/M|/EklyFJ7H5:i/":80708018817.5,"f=9_^":["O@Kpzz10#)x0kUH_B>wDvmelf30hUA6M%<",9983080485885885773858285,64975561434356510839271789,28911924596386,"^jX+rwa,%V}%.%/F=kh9",789197468306380.5583934535083883169047,"mrV1Ao",95281482500302868773674283892334830.466139469233925510881728241059220032,684246465584590987957412163324.48936895478413088786181147798233115,null,false,true,null,2082172.80712,null,8116568,"`txuOPFmLQa=JoUlG",false,null,true,76281861881394118544783838270.883899824,"fW>:MKNQCDW4",159427866183030506440640480483512289.9959832932998,46541338185173107830298968382718,54082488123260.6012,2023737324724.3508864,"_/bI;dXhSP,C.ptyd`f1*`D;|%&P{Kj:>:S",true,true,"bm4+>l_7,dzD'Y2NgtMCmO",true,9748229101156301354355325938535446257715],"n{!(0s`jC4Byxy7XeIK.T":{"T7'>,O1v0c1J01%ptf)FL}RHl&fux69c;":6302248084124029241687183,";4m(T":554722449292618339,"NWSMw'V8":null,"?!{VOLg~mP|#AcV!+}8)4*G)II9j5zSWCmk7:n":84988829032609.894488798364,"!QfZj0%vQ:$LpS=c0gy":false,"WO=$u&2N`R|Q":885232347548988492908839541267,"WG;0":"(n^m6mS5;rUK}:z8yB","dc'i:e(Y;&(bWl{okd$)jcX<5M/kD_<tvB2}sj":5194871.250313610125572362,"D&fB6<lr":null,"%Xx!?T()MF_E~#fc":false,":l's":93068.125246745212,"%e69coW9W}Fx.no8qSv.kP37juv@Qj'Qv":null}}