{"yW5?aG<<":{"J1FDGB3PDRBL#'3,{#Q=Q7&A.":"H5{<3lZDLd7|3Y","7p_YF#M`c$$!gEqDS,lj3^06wOLPZ6h&pG&#}J4#":35128159247.6346169725106,"S=ejWuX*r2(5Ad'k6Uro8*fzJThH":8337656351309772950798888865.4244,"3OZBBtLt1,rmZ?KH3w9DqKju|i,#P'|":3935818318471695.45080943630100058478344448023851,"W<zL3,>GT|1LiY.L0":898,"X%":18816748867822890083296203936846504123.416063,"'+EfH?m&_^'gg0j>|F1mlE^OIDj":"+WJ}yiP:aNXHH<+/tBdv$<eXbq","1FRB>oHoz,~=0i;*:7zr<5@j{%2P$I=3||j":915895802587249941054367648519815187.2819386747884254064060188008179,"ZkD*i?;clp>":"k","Gu+hipA+^3csfVp27V=H":275120189568602.485718848545071845878971389188},"CM#LHG$S;3Yd}>h#hdO^eJ1A":88428931734936644856273095869642253530732}