{"#)=jn":"ozJ(`uMo,W2uc4P#uu`M;BR+","1l`@F>b=@jd#":true,"7Q$A=":{"4M)1HS@tU3LFr~G'J":11587848248227090.806,"T*Fbx^":44537792788814897578325,"*2z:8s?uJ6P}fu+)}X%Q|4`Ywd6g":305217877157986260.169456411269239945134958852834641666,"bvh~FI=H#+Z*dK,i|yDj5":50248172307230863310364128380351.805993001009631836668582,"WjZ9<Q9^wJ52Tw=Zs#":28847862976902003.1410823443285884076738,"mPNTn^*l0I^R?~CQQQR|:MB48a~QNmHBN+|l*":false,"ul}Q@={Kl<slpiskQ`:uS((W';OJIYZzY":"<<2vq)8HKa7/zC/9#ewo+)PGZJuq%6m}V?","@zbiJd<;3,wN>+0Z.P*D'2(_FTHLNiEEG@J0":8612587.17901315570142650948823443620896060,"|R6:ly=+asZutk@FXZtL=)hGB7~j":true,"v/'|%'2<":55423656.506,"KV&i(x';/zadeb5;|R<U%&oZNRd8w~DQZh)!5>":3337825875485938198463105338,"tNqKjKa83EI>PS<2zv":true,"a84h|10xRFWVy+":5.488188848154239122039986723,"@A28h/":true,"&WCE0D&$cu'p^":true,"p;V,,,o,@@K1,~":402835444508812134876670467.85486049585712093033483651263106746684847,"/wZBqYK5j1yLx$KLDtxH+HegG(ra":145.58,")5';vVE!dUHO754a;v:>#Wy4S.r|}N":262048888587359513908786032208480869055,"lR":596.4748905361493818859095906364335837251883,"_ab)a=tySO0^NPoKCeCSuJWq_vpPtz":6834255382130878461881853551294,"Q%1b;EdM@^}^g}.W}:)JG}0B^ErkPy(H66Vi2ij":794151067828833672263341766.9769765846,"yV@4ze.#TeUu``t&hN":80981683559,"`|:":277084},"l{/Z'ck_mu}Zh":["'OYv!%4(D@sI}o+P3>E{b30s.qR_/%S/Px@","ZL7KRZucqLs_FNJD/&1mR2;L","?6Bh=<q@$lze}io^CavD<Rp0H45/Lhm;7I=s$F`#",68025338261384593635898893628084500,54609099884640548782913232424.7488840486118320628505202878,false,309748723042852676739001864.6019558895868858075841630831458],"8!(oW24^XqKa>Ph:d(V%F&+wG%dU|(yvt8,":302867}