{"G{Gh+k,Y.Tn#zI#xp_Ba`b4B":[1265326870988,679974398092954242218914429287.938522888588897158917754653,31078761740375889203150,85259248540178735,"RsJ",648339446080600858319,3990988760279339570,"gQHp$VY*RKz7:'@&5!Bv;PP>","}b}o=nKfW+;Els,r#4@MTVNK","6Z3T$sQvC|L/PP",99458681531557,null,6467101870428893237728002388,true,null,86820368864388779899038706.490263554329970969836276640798788,null,1453488884088528666212888187270842.98175883783466889281182454376571468840,null,false,68409739481053,1881828592,16840641380361492218675175621582017618.862203083,129788498139686220497477050982813746826,25355090783898882136365823851889,null,null,null,561300828348230979048084290653180,false,"sqE;&gj})rjlh1kBHK_&SaH"],"+>^Xyi=o|br0":29291271144251232881192}