{"N02e<n!;~NUP!FIL":[80764.303073813728770,879718182465216634050538564304453.819187128527357801530650825165,"osD.",null,true,789827928750068408838462428518939738685,null,true,null,"hGM/pgR@kPGJ&l`i@_Bi'cH",310628893825354166766910818018680.97728886844524869114673123,42.41,95683728463839828981593,34859547867339652176250448.90235881584728652024128969509004551576],"'fML?7+)":{"`FGOi_6IE%gHEoD>OSwS)Y{":"L{`19F","T|C.;%X6;S%yT|Fj(#P!.Y":79983588.85688182393801588823,"&m$<=I&hsn7sh)j+lciDTDx%8n":true,"NJGVHt&n91M~G6?;CeE":77678845976727126413839274979881739,"yPJ#nP>Np+hB<u,aHxM^D7/@NZy$z":"zOe:Bta","%jxuiWcB?iZchI%5=Z+RhmnFjB0EP":46891446283392618998395238209554233696356.73881472284818818950604,"~kPAR!lhMFeH2w`^'YNf}C{Po":68876108633283547994173435091987,"Sg9893_cgAo^dTZyHB62RF<v(7k":145844,"1wEn,%<6MpKY)5X+(:N$S*Y$X":8516630,">'!I!Bi%;":false,"w/n?eyfU18n:,ViSn))FdK#JfbW":724756315768368886377316887491567785324.88384411830989162690268,"qknqR%%x'*":5848.1885842298152469702866862120690286,"m1r{":null,".ca":800234833258083240971889889134595087045,">_qPnE":89258789934.2722262862562617851483168849269,"~6ryLP4lrA%)OyKO.jC.":null,"}FHMN)|bR05":null,"Ic`yq&fh*El4Iz9mNmb;O8L#+P":false,"s^&Ed0IL%UUftiXtE?=vEC":2115691227647888633775833402036589871098.43111480148,"`(":"zsya","bSN;`a41(66|:lr*l3~s&`{N%=uu||*kNSTpq?Jx":false,"5SG%?0":8431180569567554358.75,"h":"xc}O()w3GNdFzzB+18({sz.A|'v$r>","4Z}v2!>4i?E^w*>:Tmd(_<NJJ/m+{:xo|b1RwVGy":"qe&debnc6WzXS5S#BB3(1SB:G3Bm","JEQvyGpb?e`+h`.e3BD.Sbp7iSiwd":true,"G9*7O_+":false,":g":2957180544053598.837609733380808,"F:D":9362478680677528,"Y}5UGc":null,"s+>YkXxq,nr5<>$b":9360423620784631486947913303943166214903.8339231887572178492150},"UOJ<ykFib,{st}BC`QMA'cSBm":"e$zu}?Un_6+xKt(GrCy.M28.e","w8RfPmCo*'l2r*6oK~Ax836CyHQ(%SPJQ":[false,false,null,true,597896972383868910789626866858838724498,false,98.13129245413454383,null,"T$Ly`OWDzA9cEN!6Lq:lzJ`#,Ps",888278088281871252741.3645125532,15074124064777198483888220118107951.65570807221830025414853911925094295131824,1.8223883778328172778242839240240963216531,"TsEl_7KEjaGO",null,7779244617084378966,false,86875691359645884145579630.927305292875489187],"E~N8P:g+,WkJB6&cM>)%JG%LOT?5u'|7+X":{"hEsT'0aE;|z*urt`zM~zzE~IyL_$YWJ3v":null,"v}'UE(D|&.5M+RC6uyP5vyUp?X?1%OPpWu!.=N":"CzhwtpXUAY.2H","~3Zrb3c!U9@r5r":false,"_g:&62bCoum~!)OY)WI;C0LV":3828966126636904732226663782246796307274.8739156640332848710592726243681,"PyIt:DliTk;S^OfIb,!iDm:H*'(o8j=":93731611975.79088334672410765527616369179285146089284,"H}wlVI/~3(ht~,._O9":false,"(i5xM=|+em)<!ey":868164628580708583087177746.211562600,"S45#>8IT,(oxRQj<y_icIM*JktrB/'3At`Vkm":"M^69wt~,/(RIm(SR2^P5j1o~f","N:AJ":1426269907355542478.180613721587168943,"g=EK,mhXjB|":true,"/+:UL4FeS}(a,iH90tZw":"QdZxgcwFvQ}YvN|:r.Zon","c/I<V;%('PFqm`<BlY#|(s":null,"pN;ZfoaJ4$)v|^3ZRl/O''lQnzO}aM1Oy|q^$7":null,".JgPR+<1'J/Ux~X=lucF6VE~7X{p;F":true,"(_2+42cX>*cgg":"(UUZKTb,H~Msl5ty6!SRM!6Le/Ph#/7","|EK@ZVZ18)GW27Q":false,"RJfC?4/gCwWo}?Vm<tI:Ys|1iz08!2zV^":null,"`5EvJVwOtu%mMYcO":247282444954168630228010758634848755.4694177,"={Q":"(BCOA6A4>(g//IX;b_,2","6?#/0?F.Go'`vi`PX%Ludta1Y<2FS":null,"5W{Sh3IMlfI&_A*`49u4x9c":"fXpjU5HWwz2`'ABnrNkjO:)uEO4~PowL","5T":null,"^q":null,"7@BVf0o%J<#yeXz:k)<6tpJ":false,"Y)#jmlD%Mn~":false,"E/)<P%fj&{uA.(Qy>5%QX17Z7.<4iFbSw":42,"n4/:HIs8cpLF$&r)WF#Cscf_%fgV}9OsDZ8gqy:R":"~zgwnNe&)","QH/FI":"l.RfY6wIM&}F(POz2Mg{SH.gnhTl1T`KDBhgu",".#`Fc.!":null,"}P,|+4":87889861989883394763890908881878288,"BE1bhjejR?&oY":true,"w`>:Jm<":"sP(CfPL'CJUsRm&{/.$SHyW5Ho%Qkfj8QFUKL","S3Q3^^r'{iUC_6n^Dx/jc%c={fIQ)(FBf1C?z$s":423058451786.7523209828897228,"*k#aTy(>z}3A44QbpQs;#SRrL/H<JQ":null,"|B!rzhr":47012057848.6,"+v0Pjh%OJM33UG<|@7*'oiA948gIl":"'u@_@#,inO0kp^#7ss>NUyH{(.}`+rS=xeb"}}