{"N!e":{"(T%>CPFd2qy|*JFiN),I2=,9X`!1;kTGEU":false,"AJC":false,"h1d63+@~;@Pm{j+.}H#AB@|0%;FilVb6zou|":false,"oeZ0^P(U>aKssA#oa&s/":null,"2Ex|y`:CKMP2>T2W'bbrE=<k":5874433084657},"gN":{"1t*A8>JV*&":7784839968206405426935899824903349,"Bh8Y<)9OFFIBgL":647883461700632878940424478749289188,"Mko/T9(;s#":true,"64(g`h>PD^!@I'#ncx?gdf^?=w8+%Tnr|&f'ZYTH":true,"V4OaQPTNuz#Vf5bVa~g~KZ*%YUN8^.":550674637643275682431166684430970619866.622171321558026853719184289,"EXea,S5)BUXKtP9+(OH`,!zvkkk~U32.Z":"u7r6J+p'l6/RiH;DB5{3Up)rF$wo39@^uBg>!","7/<I,:6e|x#*ww2|z.Mq9nL@aadrK;{g$":10080960263388046807058988931.800792644475546588206986885180689,"=EQu":true,"2Kp2CIzc.g1?qIV_uIzO&=SN+H0":80,"A=gbqwvV:hjLFy0GpRA?vqI~vw<3)~=":null,"@zl(*3}":false},"T+":38621959647.79514285707983167672}