{"J*Ag0_n9`t":[2006219486367263878182493305633611496.64,"tD1b5yB8^",699.299381865503961,636014803620.74589912974861848249101757134979193,true,111121678056582533898878390792723827,865268780148247225898833726790841553899,8498299083723961382156988805686692189.61251888789036075884408,false,false,3182408281.21282204203269,8771984566211351845605121.99190438949842288872720455508506783,false,"3d1U?h1La7dp7",false,false,false,"u/*?xEgxPP=5{vgfprF`gNM=9gCc)j@JbuCA",888422884810893692900065,77418982657899,214113822331.5978,true,"YEy%21F>",8685.87582993984116178506320994315805791,"y'S3J7!6mUm_CJ6`,ZWr3yY;^$dz'2xsPCi@M,t",5892522014452888054,true,"{/h+^7<l|&?;QwO3a(Ma_}_<3ipPQ|:GF",310594,8880170081839831772885644888278,true,280733971058645198293480288730387.686729607761588,"0lQXkx~<p(S<zFfQ",",ATX2kN*8/aiP!bTB+H1<9&*V(q49^/h",true,"NKA#/;JtV",true,"1B8^rq)kAv)M^n^I<iKgL~?un"],"V%nB,E0*m9":{"N7ba@K9SvZ{nJN;{ici":"LI8W{5?;JyS/>GC7(Ye@y}gSAqSl","JJ*/kb:_mrl!jM#/57TUAjR!:#":"!*FA9","ph~7~9#coET~}":68865885532086352.207256789683770413385,"9":true,"nxrB^+uN":86088386237508268358964886849480,"0(.=w%+3()":"dOvK","b9Z>j=w":5843865840308418252636798938874594,"aHoP%f(|qODdBt*_2{1T9":854782,"KUO4":false,"eT:8{cxt)VoS3y(}j(":"0S={P`:|7}","8?;^Wm*;7FlX$})":251.8316351586958284898835424,"d1g4^R@_E`+Un,yRRf>P.Xk":9627665583406456843212265748.8386881505,".APlg%V":"Xv8FjoOZ8","m8Q$>(3(pz+Frq":false,":_!#?^^rCyj}CAW}<":542344491120105879994896885532828442.90858527530988603408019131571044178684591,":@Pitw":92854439880210509335094188070398,"Hq@,Ksu8yB1c&W0":false,"$580&E!4k*3Fu0FerFVA>n/u9~::@(G":false,"#~+_+sn|0XnoyB&e.ti,ec":38280980440128245638998.805083988783808997789628,"n6fl*wTy2A9eZ}*{}0?)xI4`":"^*%$WV(L*ekAbl*#j`^S,4w!61Db(X62/vn:","&1sTO~h)<U5rR';u8Jn;NKju{I*%7":115162580543486703640277,"=uC^_*H1vy=lp5:oEIDP$!jbjLfssd)#z)ja%i":87829107.9658767,"QA~G'S*Sc)U,&X=1zz&QmUQs!M)=CLHv41rba":9036039799785088844858645.84932844207584275747082011788,"l":true,"q$,m|;VW<Sr9!,ZC'E0DYLUq$l;e6":"V^)4/A),c70U32Vl$Gd7InGv#","3`^bmOF/^F0v?(K3A#I|J(}":true,"umZB7)5PqCBrWhEO:Ts.M%72gDVUS!c#)":2846273649502838118982177658368538882951,">3jsCA`uEdNn0{=Q*|u7lL)/$CVfT'`I":486919530757935211672640571315288993338.4131553390097574859038,"doDO'8'r*br6NhNrVtF7":2363.4565176136821718,"ybgG{N%C<HMa#4j'ZFg#8xf:NZ*":"{3^FAcP0r_^4.m","*)?3PyK27KrPfFO1~wFDv33es^TFt7Tm3}jXg":"e%?uA<)_PAn4.k@T8)Tcr;8O}^#5sr<Dsq%YzZ","$":5799.53674328049530892098828819193,"Dn11v|ReL4q,>Iu4X(HT~{&9J?X42":8286988529223014882.69156180343300298416472802176550}}