{"<7EuMuCBmz!nM11k8%Ft^":false,"PREn3FM?|=3I|N,`Jl`xomEPXWfI?":{"uPc8R!)<e0xLyMp^BJO+^'~":true,"~r`y|:Z":false,"A`H%l2xA@+mpf&hl}":6703568.40869283587882350362,"+ev;|1*+_5?K*d6Z3uJ?%6Xg?3~7SD":8899563741926,"5$VK|E$:VoDvY#`?~r_YgDfd8":false,"D8I}h#2(AN":88256717927441840542380291,"AY7/A;gGYc99#P|~8u_>PycO&?ohT4Q$pPPVS6'@":"OppsB1wS:/1Xot/@puD*uY$a/T/2rm7Z`SdumYY","4`k&KSk%,zVrVC~vSlHfn+|;+Uwa*|kb":80292650674382580738636073042036739518,"%fHzZmBPQWQE/fYs30PBMSS9=l":false,"Y4@u@Rp04rg}O8nw":30587689824933569022841448733,"a)?2":688090781313590,"$hivW:KpK_":5998942102350921854685095036.87185,"5x~3p(A;<n+8WElc%A_C":">Q5x?F`*S>b+","s<.s!I":null,"iD33Fa+P5?!OH":null,"_<,v45YRP/OprFg0O":9967212443075142836541422.41589264754383579461},"iDq@w_G#":null,"GWLsn,6vYQ_":"yB4,hmh+d","F_~S|v)4tk)cdRj%65z%":"h+u7d@:~~xj"}