{"H<LeHFI+fUJDgIGyP%v{A6'BHZr`66K*8*8`RW":{"j:5{oE1XlBy":"R7$03l&cOrKAk>gT","^22B;d)~q+2b9n50zx?2hUA7":55628911298403881153154126694309,"CAGJP:&%@_5cjlB+a":null,"6HNb`Xp2gV9+Z2C3vjfd":false,"uf(J;)_n3Bf>TNrLHd&":682623.381810003888579703815665067748395458,"UOJifza+z=CX":null,"o`26!avK7,%BG49LMrhffIsR":null,"qu+JSg5IH|'":false,"cv?t6S<|LXGZuc2`X01yH7XNv=.dr~(k%aH.":85635146850170450188464993807407,"pr(<":6968280097.7959508418172,"9dM^x3f%OCR>2@2O":true,"#r_HrA*ncYL@?ZMgH(&cC!8K,K?4&fz'*6?:Yy":"}'ilT$n/8Eh?;7d7{?I%?%p<'pDG","sVP0@>tTu)":null,"3Bu`b4kLbENt}9c6Cz*c/:8":null,"#Gx#4NS~iwrTc4v2$pAg5|9zpsz5,":6920140878880859163242258107714,"wh*rI&*FhKfIPoQB;sDdq#xs0xG":271689136269,"%g6iYRcsPh{uUcLxG_4gpM%^J8=VTOj_it=ZuBt":715534109633982437608338981,"7NZ8i89K###i$p":null,"Y^YsG`yKwbu.q":1980808289153,"7thrnG:":null,"2Q5*A$#2i?c)":false,"Dqz.g=7(JVGr%'w';LG<Cj":true,"(@09u!UCcFDrVqCS.s:u":922167975801,"v!^:c<*{;a?`IgW":true,"yACLNf8X9s5iqE{ts2bVPzBgp`mUjKNJ+(p":889841364.4106186030428198,"%T:":true,"W_jGWJiwHuF":null,"/Q=":true},"Vv=j0gYWL?YZ)):iV_vP}WHL9Y>DD#":"Rm/885%cLN|gNJ~&QN'?!6B=/0`0y9LA"}