{"uLq>,Q.T2JX%'^E#t+":{"{@nda@hqzWE80}6|CQ>l616/Duw":98192,"yp":"w<3;u2dcrSl=ugTvn+bh+b+RkkHY","n>c+unut;hL2k/Z3HI0XthOf":true,"}D`fLJ%K0fg)9~)kMFwZ$oe|rrLSMiwb?D":false,":}Evci.ctP5f}E:7N~PDEyyakVXnGIu`M9":true,"DVaBaCaj=o=8.f":false,"Ul3g@Vlv'{!JwC6w/":440,"8HE,5it":6951859492597824.174382992918,"exXybvuQic~%PQI":true,"c":"Gl/>P3&$^EZ}!NIu(X|~=ph$+YlrEkw","aNz176Hmv_u(neTc,q;":81906826299207.590725057528484880041,"X$n@QSXneWJXoVcReL0HbAnrj":false,"G$J8.ry4tt_N8<F":760329832093892824,"iF":"loOq2W_tCu","5QEQGH;U+35zm3msjL$s^VN":"q^JJF,X>jIx.#`!|H8V'F3uVPT+|AX#%=;","5muauE2<J!`ThU4RRvB:Kmx)FS":false,"IdydW'N@SBc31?z9cE":29231225.836,"/j":false,"?bD|s@`>UH:E~;*Xy*u<>3VDf{B(8O":461858499801225898938652.892046920925388085012886045643828989,"|cXQl&nVxMwSA`&h?{wicoXTV~SQSSx":88684087067.8418925801513380534196052856685,"zbiE:gZyYvycZ=}k/iE$wq}N^%A9lHYf7.Y":"V0Af<nQ_Z^M_$M0","Gq;~VcQdKT)wPUcXl3Ap~t|=Ki'Bg(":88591.8879638881942756861878268940489,"!_":38352119.2036374384177017,"6":8918928,"v$RW0`'))mGU12Nc;HBY4IR&*":194859.949232650850346072834868988354838572,".kYPD^qR?(t.":7.380548,"{":true,"OF*p>H":65961928515503,"s{%p~T_v#v6l&WM=(W;6W`+lrV@)<+qJMIV8?er":"Itb1M?#re>*t*?QT(g>Mi'_^","CI,O(u(AV7?8nUUIA1)":2808563446846923836804834593623554724198,"Qqu/F":"~Z'%4VLX1_$xQ,e1YABU)P3'u~","D4=_BEFg.?.<3?Z)r|gKY":988405874016288710292,"lhZ?a46Qr||tq7$zQ10VuN@ck*giJMgt(g1ZU":true,"V$":"I?9K0&%gjIQ9K_OG<;","cZ|4yqJoLX#=(Ul~n;9Z.,3Y3SgP_.l":1518.5282535896388780793206147}}