{"u?4V%TVCx2'h>1E":{"VF?55fk9U/CZ?6jcgk^V!={4)r`sy|":30768069148401625014689684233,".ogzcbjwu}QhLJ1)x!":false},"vU!;:%>cjNw.s:iQXlBhI":null,"NIwv4x|iJ@hKJCz5NJfQ:~sp?2$KT5YHMg`dx|":[null,"qX'S#e9EJSk~F_(eZb#g,{mE}VE8289UTz~GP",11828063747.8539214339057,"A_F$~#,",null,null,"zK`~",262654,null,"<B",872808673484502438366984674924413934783],"s'Hf,hC":[null,10430680148061873,"saF!kK+=xgZ>gYDA|TupLA:M@ea^rwh",null,"Tp0Ev%5$B1Hl:^aL#,Fi",null,null,15666804846858858682030854886011018,null,"qts$l{",null,"&cwC",null,219778795440085857119483,6833367887,"*J&EFAdRM#%aCRzd#R>$i,,Kr(W",474262161861375639889686340,41359855885018494831308061378873896.2190551666689444026,81780526241855582513.8496448679025705822598242147812,487.8882607589148457,"@mlZn%&n_",388358792785182213.298661074816,null,40.179360448188720253109871,"1X}9C#/8s2twL|ng:pz`qRgWylpW,H~cN/(",null,730880,8728893662610757651569840.4543098284422308684568,482288.813987865034,"EAE1r9i5Ze.~1<R`5Ub.",13357588860074182739300893768861.8858118,true,8695148717799926249465840174825894254.89767572176129,80313717351545276,486440572622881885587946034067280207211.83604581103818891003,"M(IMcUpzXqhO61?MQwXWz)eM","E)>b}S?"],"~h,}R/Z_Yu^`H`ia^g%ZdC@s#hP'Asc:8)(`C63":{"jH":";B#YaAA/<afw%b&6=Ab(ub<?2cQ:!s*k(6JICs","eoo=:,LL!Yd/9B2,A|.o?":null,"__}GR$8`c!pFtOc't}VMoA":81439170128941785985980,",B=/?EB3A{SlKXx*Q6O~kA":"7a#k!y+^s+E^$P#1Syz0+hB,q(&~|qMoYWQlkw+","qm90_@3Qf":null,"eO@tE?=$?>JN$7~YszEj~)dl%nTNrjH":866520877085874291725446.507323236785129518920211880,"X8;t/SwwCz##'NhQ/T_2~X":"Ma!+","3=eR.'Z(<jY9$mbl}&,w0f<'&+'Ev78kG5KRUZ3":"F1VZoa?;o7fic,{GoxOjmpj!5C","li":true,":!@*01}g":false,"s?":null,"FO,OUF~z@`v00:zXMNks/(QcC":68514798062927914010867981.9696312709498686641113631,"ULHBr6sHfI>DH&zx7ZI0:Bahg,ZB=@p6ZgBF<rJb":true,"vH3ht#'U!2!H'Z}":false,"f0vnMp7kDjH1wjn)R}XJE":false,"^#<u&0l@!B>u4$h^kaTR~b'YF)":36557894874280538138.775094189,"F@./RiOT:}fYiN?#~o0p!;tFRo~+.mpm":14788010138393384113186.74161828887066907112875860921898985369,"dVcU7#&dhmPKm<*PlW@}3vpwBkuEH<LH0X":263630010103518664004.868148127349,"in$$$F_":87844486789003770158035963488908.826288346867893247852936080935881769852,"wivL3Xo)Al?r.,sH^MH%PT@qS":null,"IUK*yF@Br.Zxo2#@mY":false,"*qV.aHU":15776784065766698175.80721398698965071885696614580296553,"'~5K/_^":null,">D=<nGpJ(+VoBr/;?mz/d":7203755054050306408888092178607606,"y64tG}bilHPxVH8,'`hJvPj8^OO5M*xOW":"3Fa+PDd8U/Ty9Dx%7}OBm_","0xMg}SuKGd|,#/=A>>U>tb`":954985514306888048727898368973035.281582060882924700328012887888265,"wdn.M8Q*6;rjrerw_X|=N8^;Wx|a":28169180,"v1A6k1kM;LXsivSf)mff9r+EX8`7`(H/cH":841692}}