{"&w,#RE;>r*":{"Notv)mH!6gqn*ZRE6*57Avxs_|pDWHjnT":"(8vrW","E6nu(=4tFuYXe,y":false,"h&nC47*l@h2sFa1DnETJe<<R',BZku0":32248634458586881597888685737278830941.985931585742318873546932588299778,"XY.*U)PK{t#hq{Z@iz7S=^S$tKHMVMrV=^VS@z":30811115062914540477886.97422,"8bW":"1+('/5P`3ZCW_$~k(7;B5eruuen9b6q9/Zcv","(5&P{)I>":"K6AQ~(R7&8Y!rQ",")Rk5G_eq6l0^.?@HD=":284054242778158681740784981830.414983078715323,":<GVt:+24TL68uOdZhFzjsdz!@":"~|qz_/^*^m|)","ut.l'h=K5b=jbS70CV4sd`n5x":true,"pr@)~Y@BAdn#uO??AdYoURe{Jx":"A>V4G:IA;itsQ7ykyI3wF?gJ=7","yB~<c{BQ:3@!3mNL%7;;":33088753851423383658538609898818084006.40468841285650456591850320778583186908,"=*;0=+9~6s":false,"DWh(t;iczE~a":true,"wh/&rUOnne2o|jd^jkg}7f)adL+Qo.GY=T1IFfcz":true,"E9'5Zu0WbHb":"~poz48xA^=J#JOhBhGz,,o:j#}O1g+J4L>5","H1NbkVN?E1x6Yo9T&2KtN@51PrOQ'$JLsT":45490618137753822,"vAU'`5Y#@!TWplzVcI+,r":56425847038085832836.62695397667586760676277444968227,"IcuX7cUwmP93jb:XJC;1m#c`meDX":490229610.8835716783730713478388,"UZ!":960778465965161006285558847344,"geMW:oQH&^5~{k#C4LX;Jxism":9874.41903788241835070807211629858385,"vY|Dj/b$mQ^19ADw$Lb4^hI}%OzD(#Ndl5V":8955122184887686780143838886654371,"*D|ohm;":45687082483808123181074688780096117.7151977570488275701451388689288,"#0(4$":"`ow0:W_w5yr$Pf<M+nQ`m;3?X","YYkLl1s%sdo(yu3`@":";MB6WgaP86|zh:^Ix=9fd","SP6$0+Q4WCUoSECf4>4LZr~8I0r`rTyMp}BcfH#z":false,"1S/v=0~{":8933,"QU?hg?A?wK=)fl#R":3225213240732037951788690259190688878,"P>&wm3@`y&=yJt2{{Lg$|G7t^i&@W8u|E":"~PNVzOUE.RCVvQ8p+EKPGnc(5>.?W+YDjb","&":7967835,":1)o'N,5J_:^;":23155435005263606931866558,"5==Zwi":4859048660738749539348397144835520772890,"3w`Kg5Py@tZ5vq'>i%4f,YCms3doald/":8859822818,"uQsp.Dw}oB,I$t/|J&Qiu=wEBZ:tb@7i4U+j$h!7":364.42872,"bR7^5+hoF9HwXedA0FUGTP}N*snk&+;1@o}":"Uy",".`&w?&":"Lxl.hZ2BzkH","A:!{4k%LLOA)q)G":"m6vtjXgc,Os.gx8LGV.V3Ni04:W:ZSipl~U<2ul","D1Po^Hg%q};0a/t&jTHtW5m@81n#B,|<!":83817},"4Nnek!rkL*hhMKi>>h~,.Hz":{"L`qw6bf^$L1X}@)(O_:`>^.5a(yH_C@~sUX":202986800587920112081852787802919583509,"9<dP=wIXR|;":".?oc.9jJ5QbzDrA}@pC*^Pw5oi0mE<Q}G","i!8qQc3mZKM)l$":false,"gzD*jb/9IrQv(=;NOgchWg#+uV7,i_^=":865766951.219891038158318,"9QGmh>y:4U:ZIL72(}EFxXD>+E":1993943888187275,"@>2o!IySeef(I^gbf:hAB1ixrAC5)O5T&":4765908949858398175482,"#Ct>gp+OY<mulEy%g:6p}MY'0jY0Ykc~E":455508591,"'Dn":true,"3/shT7a":855844.76871885417578525284193247995848,"V<Guc_G<U=wc`Xe4'Mp+^+H7":1348481988.601937207468849888401475027,"+$n`6ICKH<e?'iQw0m<VxSH_4S_t%~^_Pj":837553965174132474440595372,"A:k/y:3F7~*~:w":1573869806194832753996681508984393886,"W&6xJd{&S%@'":7948.149663184360685,":GX'$Ll%8lqF(o;E'8gGlpB=Q;*MO*W!!TdsrM4j":true,"Tjf)_OS{B":155388879224931.6811802,"TE8n;w!e~}bZPb*N#IrInc/9dq$(qk":"~jPZq1jJb>_+eIe9#LBNuDR`scMwI7xEZ*VMXG","%d3J:cG*&I":224749298.8009825820344611751,"59#UFwctlKC.%BQ|b3%7*{4XM%_":",i@+&`_@UK~j","%A=}s?,'2j{JEcx>":">%NP24<ubh!=YSK_","*":875184819380691177.123332440140233278789883895,"Bx9HDtatNylmW2?0K,>)NS3Zf}GQ+YXA":false,"HrT<9!^!_8oPD_8+bV)vRL=A6G>l7Y.b}p":5893292945687384588264983096281218481283,"fmf2W{":true,"J)6cyIlAP!K281fE{JaPU$Fx>:":false,"~U3%IjAChnHX(XT@M`D<1!.~!CMK!?r}13A4":"t^hm:Y1MO~ov:M=Ir","E8J{*d":859216488753831697470475891603189884},"0{obY:%":{"b6sl1|c5xSbP%K@=?a4OyQBXNY8ehEDbZUq":"w~_YX*zAakz5sP?R:XyTLW1yp","n":578353387224189305,"S'AC42QfH?k5F5^Fo+yWP2k0tqGRq&LTq#`":true,"@O:9":true,"STuFW<!;l(I#1U<$/i+>WE!K,('A":"s>$#lTVW8~~#J9#B","1MJVA6*yyEm>":300187032781,"Hq~F=`H,*Hg^Ump,=J":3760493349848.965878557629219086747957776585988787,"Q(9BQP)%":9.90757078324854056958,"3k$helMY5y!e343tivm+hK7_,`S.TY":false,"|8X}/Z2:#6EUD":68242},"dUJD8*#0o|rxSr`b`bE_A+O$*:WZ":false,"1Eqsrk":[3,true,9,"pOHohF)/0C",543989433801.5142492280948841289,",f~5+ss(#uV|Td,CpVv~QTEA8f",false,916.63338346272384966061898868744,false,982678848587.887,639281508376147879114491089365686888834.340883,false,false,"CHQ;+Dc~D,<un8vU_o%`vE5wn&efW`w34vpTUa?3",false]}