{"au8/:tNtl+#i/lD~+vF3f1N&zjMDX$O9`SBK;5z":[null,null,31888748684693838882566771,">Pdgx&;$<^5.O)6W|7#",false,"6u:Z!xXK~JmHLK:+q)fS`;/NcOu3f/S&P",null,"0v2ysk=",null,null,null],"<X*'2O}r>Mvy_u+YKQb!`":[",m=OA/HtV9W:W)4f@n8?9!|ko:l9K);{%=UU~mQ%","K:?","9|l`;Y%!mNt`RDJAVOQ'",120829498858,",cT=;^8}V.20R#()okhPV9HuVSn;E(4^^EOKT",2380.286490972983,81683250827478.40898340378639582,null,9313216896889720788566598,"gQIaAjc4,Yu0iK~`fv",8820833283980,"49`~bOiIo)~0^%:!R'0rM?eui|h%vFt",false,"lHxi5Nc^#+B$0CNnr|41?&P<",true],"h:a&LK>{T:o&ZNlOh|":["HmeXL>_*Tf@o",3750848789.337807094315,"<X`G1JqDLS;BE^/E&3V}j{_r5.(vs%",false,"AJN",14072876519698888742783754988.58422884627429382147152195075114171278790,"8+DW6*EY,VX,.u.",true,65119277209333.77189852228579387862483750,null,"7.7xgEBH'd",true,null,"u)H9,Td:,u.U*'!w|>~7m/hj@D'3cg_",null,false,"T<Rphi0Kc$Ak@}L/'9Km9Cg7KrH|5!7?ZVqh",25,17867788851562851143435962748619719,null,"6r@CR7P=P6Moj#Hz7<@&7HU${1kBRa",null,null,8978582.330728420981696810,true,"+&b%mm#c?,N$m"],"U@&Wmt$6SdbujB{nbpu{K&Ry(02,<408^_R":true,"ZI&.sIQeQPNB32)t(#&;!biEG#z":{"I):Cvmau%yqoSIvmVr!Bsz2":null,"4J&b!>%93~RE`mDj~.|":null,"cq}RKxy%y)MJXo`~":912798467535084698706116949769625401398.668081386623777,"(&3e3}I%;KI#,>9H_T4C?$Y$x#`N)":801533574837,"V$(lIm4l=xzNTh!;7AO!XeHikX85":852888.6128532823934887490,"tB}_>.P1{P{.tU&3>:P!":null,"Mw='1|3e":"igZowVb4MK!to","h#zW_)>kIHKIXJr)k<_Exi4Es5":2601256597288165.218162081033910811380648}}