{"R(5Ar!O`,#zI07732.":{"%zF?Po8`,S!<MxVJENi^XW.":false,"TanrB:gw`":"|d!zCPh+hgqo4Kt9/Yym_mp3;hi}kt~<","Tkg{7FS/t*#p/b$Uu,^Mo>>K9+GaTnX'9M)I":"9>`v*~,rI9xC!0x/xrO,.RtrW%d>YaL5","$6/7Cvy5Nz|=7;~ho9(iDCkY5mV#v":"D34)E","|I9sggX|u`kc7z2":5264868638616072574186,"TlhjTn}2DO=6nk.WJR`lOjW0)fS9:%iUIM^":704280440,"x(6=TdPug+wY/Qn_3=H<T;&290kTRHXO>7R}fnV":916563.16198867998,"w0heupsX5!|a{I)SLy9DHxQU6m*(":517,"SjDzicGzk?UtX{B!B,o>&#.gl~":43984475.102809358536898386338984,"OP_c|sM8V.+7V%X1*nQ&/}Cxg?3#G_7;yS~ER":6987830747217.66274737354678503528,";C;Rq+A<Bv;wu`":658889862986171154895638676973736.251428936632983006639978019816354864,"Ea(No'K5HOV~2&F)a3/;tF<S":true,"@)}A%opU&ZzRnBrr/}{0f+O":true,"o(tB88'?.mKtuQk#%hRrO8^zd}Wom/M&|i^W=)S":45129342978449815989733094018757248710.19,"z0=tM*F`m^#^$&}PV.F|oFB+4gL":17083088066711480661195108067488228463,"O4%Msu~M*!8.8^gVi2e;YU":462711029261282611508393962041763481.78171796809258,"t.7<":"igtHR>'dM(>i6#Yb>&yi*U#P{8","%fsVC/;H)dUfik8fLkOm^dN=goTifopkVK<u#;@a":false,"=(BZX4R4>!x":11806053204903812,"q!X8E*7}%51K":11,"GOifu}RX!tqGIIp/?`m9}d:w":false,"fuZAO*Ha/h4FA<i+!&BL%+d~XBB>Lrb%x":"`n8H>ZlablA@`;qJu:HB9","(Y$Sq>GP)Jo&6xr2vy!!Fi":139015.88898260756787644382429845,"6_EOT{F4!J`1mD79&^NjQ@C}#`@+0>.:My)H":"tuC+`#zUKzw:Ve+$vC)2K0mB","<K/PX9|=iJKgFMZB/<{?6_}@ydIn>A}":true,"u>xT;2t!zU.YiJE)QCGC5$I":false,",hu+2A$T<FMFoLSPKMCb#_ldU5Q<U1Eac(":false,".W^<caT9Ez3IfvGQ8{v.t#&8`sn%v18NHnc,}":false,"Q%cOZZ?":true,"Vn8D`L_1~D0yl|7`6m?z=^$`Q52g^G":"kEJw~~/S2>/$GC8","Qjg.M^M|*H":false},"m":[false,false,20,true,"KYNRLQ:=Ay:wMnKFa_KkEEs/AnS@3CI@*Em",true,59661314906701088794186775005188800.609873531793870764082418190,38863960008012851735851140172913012587311,false,695.413187,false,"ehnRRm2v8Dnc:/%fg.ITAqQ>#%NH$7kD~M_","LfT7Ic+0uX0~q)gNwvtACZT/","ErhOD",false,"DZH=;'A@Z:&DNB:`o8N%g3gMYrQp",true,false,57153833293040891726884727920025.7423081506699394101,30233076374701111329773480641913381,"Jb(oJmP$b+.'g~y2@70","5LEo)FKT1;yOP%iR'okQk!H:.&7:UirA<^r(+*",true,false,36589725932120968844,"e}H!~oKIWhzBR0>'`VSTN'P*lApNQ=zg@",false,807354825048668429129792338222593810,8605889748460878245393885810382989863363.469688438391481652761763000838600756,42786558787768.98583068554765533716866838328,17834419162160717,true,"HgRe<?nlLX&xTe28$;E0!^O7}BbIuHC%",53689782356889386857628591169089],"1nsMRx98n?NqT=.s~5B6K.j1(xjejQP_2<":3888871906193687821854551295.53274106888282341835}