{"EZ7>kKt?kp/Q2Y":{"n/AI*m%G*J":46489088888361431837446700427499.5883122636803674285898128862327873746246,")LO$s":8096182210731388928225883148.37924244844097441690023544690951811,"~xpF=}SLh":true,"n%<4z{Em@V|O^2S9@qYa2sPIP'qTEGQF":null,"^'xWf7}%vV*6C4UP~.a{=_6o":782267868,"'p!u":true,"e)`b!U":8747081196394888,"JV$&+ci9+BS:4UK2(g;P4rJ6":890464733359887370651.372061000329635845488104568417306184838,"M0YeS5;1s<yzMR0y":85999621508018350829.709583222694519730433064112264,".VN_c?V^B":1729833491096852643584853.9648867330395026824863082167754,"9=!yj*>w?18dj4!^X_":null,"ImV&7kT&)VI0e:Y":3845630892.2868875891965834887883324205642,"Ux:J":37483,"<PjF7ratRP,,Uv!0":true,"UxYH*w!G1Uj{)~+5":"s05~!$y4{I_","l5Hon7E^qNl2t|y!/;J'4_>=lJ3BHGdUT.R":"Ia,M5!uiM&Ial#A;cBQ6MbbjwF4b$G$0mHB&","{2?3_:OcXqjbe@{qc<@hom60N8B9~8d1E5o_p":"*GtbTl(AEDL{YLR{E(xTl.PTLaLt_",".BA(n867lF6":"!%k.IL?=hUgS>|Vpji6n%~7/|(X3$a","+Rk7){|0jWr":3180086425456235138022865590087838217,"OV01/FI,N>NU:_}y|g/EiJ":8172293618848743430,"ms/":742850157875248591081828229513,"k27^9>''cby=$L*e=Gk!M^Q2_/O7^Ig5`4#{Fobf":693,"2v@R*{9S!wkP7.&XLk":3476856668476302337585188401481623410399,"p$Z4igX'?:5@R1WI2gwsG":false,"iK^#K":null,"%:p,46p0J5EM60,V7p4Bwl%*A.VmikoS<(>BW":9791426263284883780585578284.5905625696599634559170296158070,"V^^?xViuyCV15=4NeTS~ry0P_(L!(O":3035215927214216858710571148.22582588333785,"P/Pd?x{yw5QD`fN8R,!Pyb>:y`l%4|XNfwO195B":null,"J`GZ?8r8Xi(lFaO/dq<U53Y1ln^K'<cb":2466652420597968248},"v^jH_+I/n<jQ$nI0buXB2eI'dGR":{"w0:,{":4135083041235282028317829.96804735682190,"n:gBzc~aVJ='":null,"U:A0Y(A":null,"21_":"$!LO55b3=8;($omLhPn","sa549{JD":null,"g4":"$T}DZh|c~^zq","7S+#,T9>":"3~@iSfC$:mAdSfj2GLj'Gw.{5o","/9.3;?f@{+cOEvJ":"M=TeekuBCA",".^3y1,cqGSD!dO^{a)10N7v}":9368938628318490845075993252760485121330,"n^ng#K32;@h)=cjcNtiY*XN1Q":"fvQ<g#jmB)&FD"}}