{"D}x.t0'Tpku6+A@P%F_":20832581736194574157,"}@'f3K#l":[51384166166232331.607308005859585227517,true,78944860038597747889,true,"m^f1i9CQ#m%E.f",true],"pV_IzUh+w`iJch$_9vqXy,vmCF4WB`<48wdL":[85888036971125225824550716806618086483,"pxFH(.T_f<cerB<3+o%j*sDs:",651064,false,false,true,6504002963452328548,14007263542884027441131660006113853232815,588897484107114716672286809088256,false,true,"Wja&*M/0dy^6iF&>'vhDAUc2O2!",79958836916493864569166848.700308425723210,"zC:","0<`#H~R~f3?q/r;(u+FG:kY~(Vj&va^","g0",true,"!aTJN`",9679986086658603084668438984740488822.9615628,2781220225108836947102888939617172994,true,false,"1Ft?}*,RQ4l2qN(Rya8",">g%?)mK&d*tX.O",false,47690618266185849268398587362220715879694,84411,80017418887148950838954716085170551213967.5536800382378881858238051754869104],".3x~PgO&oc<":["?KaE","r",true,79397849538866,74538228490937217835769878488885788.406287959108487,"G>*k*,/$6)3J49vyZ1G~&S@|","9j",false,true]}