{"_K3$Ct%&3G3d'RV&h6;U1}##n!xQ!<3%<}o":["4+./uv^U%zC>>w5z<m_$^`CP9P_'<",684262240846964539,9180934643982414348428,1069323489404420314730701],"oSbMSPh_eJ@DrQsjO,DdLD#.J4":[true,true,61775144873386998577138631089219688095],"%nLTf'_Tx(>aMbW{AN|N":{")>/nv?ayn":28658870808293278379325553802490028,"*Y=5x}(V+*,U;/>QRBYqCys":false,"}":true,"*J:4wt55*FYRnO3vDIwXx?F`cZ%|~R6jQ!DGs":false,"%4@>.ZymJ":"P&>1.<s3c|^Ki`uon=uR_v.CYXTk<XpT)WG/","T33*4GuW#tGwVW=cJx7l@|":42,"+`ITCrvdfaEc6EVQ{qs`(0/Q=Tn~vo6":81089845987611.869688136600334297058069070382119738,"L^hf&_+Ae;}nA|q8Osr@8(qt&":"HyDP${<(.KM*tX@+mjFm6wlV(xgW{*#o","OP,+$KBA(X>}UuQ`50UU,KHJ3<R{LMzzowyCV1!":"%E!8vItIXm^y/,QziO","@d.B^i.nlE.O}.ocK.|M'h,Z4MHH7wJS&py{3f":true,"nhsDh":"}bn&PJ8m`FIysIb4;h","dvkS_Cq)6k?r$2R#qL`.(7YT`RBZ@":6032707295668004018.71242051341917356609659076893,"yrp|TB`Ofr~pHVv$zp/ev^P6:_US1?bp8":"_#rm)b}","csN=,M_w2+gov57/!^H.":true,"=%nZU^:EV{7":69985262,"nB0!Y@$H~W1s6^9FG":4970771377654705502481267.88892,"GiN1$5(va>66W{+t}{Mq?xGlQ22/":false,"~rwW8_":1717858587457.881339680837087,"Yd":22391798773569.42043889818,"R,XSe`6OsM4!Gws&Fmn9":95769284636538840062.897815008881260938022592,"3maRAirQI7":true,"J%i":"wg=bFEStP;$j+Rlmh#.%(l7=xBV&RlQ<aT'ko9","5**/8zD,*|'<b7e9_U+%Vfoik6{?Y":385814332135361462769601716208881780.510148068221423330,"?(aT$1JG6bf(y^yh":1496581916021857785414,"3+6TKunvp52^koga!*J|cwO7/`M":"U>58BFeM@(myeDbtx_PPO&'","9dDmCR?9!zd|+*3z<8=(I":true,"CB0XuN{!'{&a|1(W<$oQ:z5VU":6503388191134958325448573538605064765.73652874,"Aer:=WC4+rL":false,"M)m'rXZ;q.~MDHDr%4Z@%I)urWa?t6":43949219250.874802138959368967302899414471258,"VH9t`/tnV:&4JE&f.mw5$Dv":517,"IDyKn'zWr6*?pB":29,"$QzCi1fKJ6`P,7DI36^pB?W,5Rl54bQ&Yz":"g*.`)bAM5:","lonRCtCsQ^}K|{P":"'pBt5;5,Ko8Heu#;0QF#eQlt=t^9@Rr","(0G#*e+9":740017463268634.664,"wx6vP0T7q;i)6":false,"IA":487983518,"Uz*f=64R<rS>kJKZs2o7=qf6W/`gU_":78383967555854989,"CElXXy|OOR^=6y54zaU2@?|_>k0GA":"%Z?u0b*E'ZmDG$aY@z","fUO)Ia8E?%o!OaB@SJ":687839,"vNi$9!S!c<5lj2fdh&c`!rLjE22Sqf.li5":false},"FR;E":{"G^":84039,"H":60798,"%dV|Mw#24&Hip0K*q;/`XR)e.hBw+g6":"THliNgtS^_ly$v7u`3","8AFQJSIpT#S2ss>2RU>{e)'uG7i(hI":29000310513326743,"53U)$<v3ITG#j":5888588901966409594276486898433565110801,"V^lB/X'slPWx&'*FA(7#+W&c,":false,"xcw":986885879098830013741,"q9RT:!Bm'}>qaj":822380866952.63847520627417885458982529891,"Hy{lsqeI/,y{=t;kc!enm~Ria2=)az/":8700298439698854881588921449803748961,";xw1CQ;_*FZcU2&#F4.V_t7UjCz.L7KxpjE#.o":24289362908526160803548270883349498844138,"!|b":false,"LkUzSy{Gsv{J3}EJnlV^aaiF*v6Dh4p5X":3218880599655158678185517622829784.6848414728802222504450,"zF&>VxT&z8n^":"4","L`qI7!)!Y1p1jTYQyk!$ohxNf*&Zr`DC6W}}V":722829,"(f3Oe('YKla5lLaqC6A":128579878649344.76614903554878489332829385951076304,"nCVOhVp/K&i%exhUD^%7?Vd7rV":true,"z4p41OaXF*5,PfG|_jkqu$":true,"52+bu&+a!(q&ydvr(/cPboGVVU'":false,"~J;VLzYz_|=rjEQWein1QZ@R":true,"a7v":"3k|P7TneUz/{Qut0h{'%.ZQI`","7=b^3e?Qw76V3f(PzvEM|kS/":true,"/<8":5863585087022765672,"~FB;LFG:`=WE*=614h)v&sf":13418488.28481,"tf|89L(6lfTju":88371013068,"=qlGOAI?iqX7|L1$k>prl=/l00kwn3p":"^,:VAm~e+`C|}<FH/t+}bQ","~WmUaiuM,GA;!uVmgiu!n4}x'j&}L":50138877313053435685.608861582943573556,"pj$*PlLv>gB^_mFYD*YD`qC":"U(jQi<7nK'o'RyahWq5>=i5w","eoS`CjdXhez*&":"9B#@#!HT&<rUM<fqlro0'@m=G~aqY&BFUxU","f~m*H;NF^yVwD~zFW'OJJU6`lz%lPy@+/@a&6K":155.2348766888130405286,"C13Yo?lEmwcmlH":64178946825889822422844108562.38773280983420559955805548688,"t?r$uBPFWmsa5Btrs?~h=iZkmHQNJG:E,":273921308451240537688838.25507028310454232,"q%!TJP!Eh&)YQQ6dmlx$+AXw3;s":2238649528435008877168097.101380342717388177,"!f+1f#":true},",>Zbb5.X!N^IeUzgaLe^o":{"xiQ'{/xOq}zG{^6>fYVF`qMk>Xn0~U":4899170875185871357012090383058838501820,"P":48483831262387894,"2sz,c;:GSC);eek}Kvl":30765830238478060706880280405032782,"W.>.+r>)E>i$+e+p~GNaq1TIqa{rxl&r}Zv9Gf~k":3.88,"9BI5!afb#9<h/Nc,(q5iJnsjgT":56589388,"'mJK'WObl#MTTf":60926190242828180538165632208.952976231252879106,"^7y}qL,2O7hxg=ZXR?GYgRE":"Aa+^PNi8uXM?","QjUXXw>6^/@3y?ME6/hYB8;)W$I":15612858.88324782928838730182498667,"Q|;,t`ly_&CtsvlZk6a`JWh<N~3Z>GHP##":828785062,"S^+htn?Es<C/ED~YB%AgAEibyp@j(9s*v>4":282220761837337359984740132851580,"bz7n$2}Vy}CnV+b`A{OkzJRIJIFw^heHiMfF.A7`":false,"$/8MSKM4;0Q>a$Q0i7k}#@":55712160799254306180363502277058,"w2c":1848882006474509594046681530082130.86806585213767252591001439569829011631,"kn}hAa":9488906174594712811528766321133132190,"M+SLr/Xk~p}":"Vc~rXDO6onItZ>j;nogY`{:","er>UU@='MZ6V@/ibT=Udq2Vk3P,:3FZKjVYy%":7723066028451845299388749735820458891,"j`2u4uu?V:36t:%9":false}}