{"?>`N":true,"7e(FizSD3IEk2Gm5b*j<S9},IcpLJ?":{"{Z'TX_V,l}cJ*`G^{/Y<MyWAY":false,"s^|#7sSc'3JX@'4O3TEmc6(#WAhM":8879352.50003365795164564616,"$dhEA.g/Tm._VG%y};":8579039516828,"vg/V+sF+|JYyVt;3GN;K}/zDyc|@YA":"}qcH6","Vz*ja(0zqt{C+cw1|)|YE<2W":";<BM#9BzBK;","}59b4RB'&5(Wdj":343750775187171258916385500448147.367180289831369210634830337350},"H":["z!^oMn}9t&aJPS,'Spg+jfgbdm4k0B0bsm+<0","F62~8^+o~:K.H4(Ejl9p)Ygdpo?E'hpW(CS~",94207729138,21698,true,675822699332981946329.7530959987778999,68229783388544562542963868.177340878075823672918614223821536338,true,"Zy$!@~'2EokcR(39(","q|FY51/~xC%hM",true,79559811981357918985798682820003329943,true,26287621107433998761433982840843928810431.7069099794247,"i,2aYW@&MInTE@<9S{",47821885154424599799173878828347.1214826994286],"&%j,{&'EixRi":[41978992174787.58906378,"Vb:(c;r",".M,q8ZDoHEBpck`a","np0j2e@jrkBqAasEa^T/a?b&Bb'3WlQmK","s>CxRgc~TWI+sEz|$JKZt!!FX,A#iZR",83188689005.340586,83035607052920060723338901074303871847659.783186815630859812,5896014883282332687163902127103543737,"(pt_et:(/B~RK2",822594987206123,398462386688818657161782149294.5575100780,true,"/)WReQ34t/YM=.}MDS4TW;","qrM&W#;`O#pwJ2`DdQ",true,true,true,"Aq.UsF$%2P}BC$^)}n_8^HGFnKz#orq$9c#aV7S",false,97380983147613723894829440.876478267781,"DqoAQI}:R,C%6&m0:pA;E`lPY?'yV~","l",false,329848225196349754164289794.2,"{|%9!v'6pwa=J/k.kV_R27w60/u/3&kd#/A$rFv!"]}