{"Q!K$OT8!VqL!)9!ehL$}r_J":15558210052182883989389.33344818388980,"^zsHu:'|dhU{rFl;dwV|Pl&4v":[8487210111738083810640348108056688256,"Tm9{Zm.b#7Es",7539849800040884830877.11500581342139941988085,92418667948313809510515124133493.9882838828983362475888369454064400889,false,16628205925523320290319779781823841979658.9559535404378496368,false,22608430139862088152836,80809243375224695518326113893,false],"~P;6Io_c$":"+b>O``|2!eJ#peT"}