{"$uny>'s2L=.jjB5TZjQluY{q7?":7348434611600525901,"y24q3H2co>!8":[true,380080911543787670860,null,"T#I>T&w:BOUhQwZk,W}$4/mJG!",6381789094658731.713599847478934334440865408828628057925,true,3692067433.17359448721874085167167208634568582831235,null,"t1)8rnIkR4oG;LKeSB7/){8?jo#u3jR*.","66",false,false,594098499244408,1782650835016.664083247518174375388259869,882785891061098502947658.840725520988186372401836,null,88676952930830586939893569683597487,"S,pMmZ>7mY!A'pK=M|",false,8212856457151068649844848896310344854,380184528828.10982281961616292251738783667,null,6447.9330300897648924666243987968835652830978,false,816781696442402556.79885518778779092003666878654914,4084985564699466894824.45300958787308028477813845488872562,8058487318486672946680547239.56,"IvuR87DYRkzuVCF'}6bADy{5A~>km8Cf)7qNB&",751607965881023788952812605182,false,149709096209,8168,null,null,2731540.21186581867235123724958078,6841788505799847565877763697.285705879147,null,1969208208838587044529939.8500688989248886507624707862,null,null],")Q+KKBw6HM`WU?=ZI*+s)3)@7QPH*(=SbKzp%5":68}