{"X(~(m:itwIgl9=":{"C0X)/LyQb`1b{972":8807331806879809779154908243878,"*2c;nJDLw":"@G?rhb",")/bIhJW|;NHc`=Fj{'ReT56qA9'Oow`sxB7V":null,"tyc!YJE1Yzt9uA5{S#A8E~0n.*?zP!V2jg":true,"Lr2RLZtumb8nd)2g;7/Tm":33097570486871432898173483626914874917388,"b4<6I=raHZ8RCg.@8!.cGxc:o":910558926354168588826149621713250760.74668081915252375808878386,"q<JUwL~3cQM~4*ls#>W9,6htx0^S":false,"yqC?>ju>cbmUA}QBY+o{+i(jo)dGq`Gu=JM3":true,"@*5pf:;IN$~%sjtP_2&r:fMRscM_j,8Zl``$":617260657883486.2774038714453566664297,"rhsa*EFhu$_tOs?'2ZL$U:jr|N:tb_iY~(9":true},"=$H55":74788051377988980.6233771124946497238332000,"gqicqE/;j}Ue}8JOt'GwEo|x":null,".y,s+1Y:2":[818768072608533239719385624698264899,null,null,true,8708,true,null,8568548883498382224920348.13623,8202832010.7085796906831,"w6nRN~!TCBgQl(7v0b+I#ETFM<TU7a#*c",848166150138020842846,false,34930824048366279812850880,182890892730157020771402.13098925058818662149869228984297262903901,81321268798332104252450611383310,null,null,false,40535466003899950735249554969631401991188,false,9852495030.951412238927647904806,9520412185623,true,85251853480138542298485993066.1382071709501053804058,317999850250444622247611707.82292881363303189,3458988594.68546031735535767451476,null,true,"#kx<l)iHW,UX:_~PK&i","T1/i`MD<~ANkMvcIxZ{^SxUCX",false,30,8630927884011436571387,"^&9Z769_fReS7K",778224888811288891896,716899175253948968278535.8415329858863568520830927628,null,null,78827],"fV;J5?!{:<y(7d!?&'koPWIHD8o":{"=uT~k/;!R:WfIEQ8t%t6J:3?XOafBV9SA":null,"Wq/R}'vQgBiYZ+fk(wljNE*mNnf.7>d_XOL":878538,"jazft_5a'x&rbMc{R{8LP|~/GL/ZF5}4{|K9":null,"?pFx{0Zp>.Hp^TL#{m)~,~M8sDd$S%{Gg#9KY#u":null,";dusu0PVRg{:%iR~@=+":"|`ZLdbxE'1t~kWzMaB.nU","s@:n^gLi`0wSXn%6,@Np%JY#t?$)q^tzBhk4+":false,"pOubUq,yg37'l(;":181237687471,"%8nj6Q~zNz^(k3ct*":281912503777828028890128.4636,"j(6>>":2838402417004.96145193,"#I84vwPCoh^Pr:@x,XqJNyOG;&uZTiaF1Z":8383030998314223580816.48329,"mio/qH":"S+qqq=OOx@@~t","YbHo.e^X.VQ:8GR.!M":"{8b/*_.,tM`'`=v!f","igILuS'@e":"SWsV;m6up9x@x$YJ5_:$)30aw/I7O.","jc0ji2m.9pNIG;":9365.21790355258641,".y'vTz)QPml.G<1":null,">%tZV_Q~?xN.8Q{KyW":38768928588469866891213774814160803158674.8282854053787887775798488,"*e$#Q4~$:M`+vfRhDP{.E{lPcze$>hKRV":332004021250992098358578480,"{Z&HIuYJIGco}wpB/;xla":86183199738813235854781741118.25370415409920602859374936203780,"8@Nn":"'X>_XH'^Ws_e(^8(3Xv~3CT),,A)","`z:}oJ+ta0f|w%VY26Z2@L3D9VeYHu$Hex=GG":43738486399583295782855.23374358,"8a<60>EgAb#MZkcFeX5keU{gj`$":85570238142638.487280740824898935818017557037181,"X_(":"d^o>AzD//PN","#VLa(zb&Ib(1JI7?$2Tw!oXq":"a.10.&XXpc+Hge5N6s?q}I*U(","D.O#yBOT=/V^Xi|zJk%0usW<w|&h$Rq|TNZ`6|":80149601.8825559581626,"}I9=*UutU!E_zbJgv":true,"%':kRR6m&'|'a6KF44+8}/,q@g":18158222671494108475045378,"7S||;UH3f^!DRuS2wQ":6200497,"a|.9^P0w$>izC?Or;>=qMTfUKKHv":null,"Xm9YaEG5p2K@TLjXu%t97M3oDthCJ$":true,"cd|+kS?F+Mw":true,"0jbO>.s8|JblDcoL;4:g7O'}rz^H|{M?k,y>KFP":false,")Utxo:.*v`!{'Zz='{FGB'H<$,2Isl'":1868088771037,"NI+2&I?`hO!'(":"Fd2C","c?KoKM^*Ft5D_<AzTB@$Uorn5|$W<Ro3@Xl":true,"rq*V6C1T":85166112886861.66426538043408098848685811269920476,"*:zCnA&3!g8}dtecN>#PP,Pb!umTX1PSi0Sbn1i":439146805740846495368237,"It'fE!|M^pKh/wj?g7q":true,"5w%$v=BDI:w@|IDgToW}?23YuHe(|MPi@3PdaW6":null,"JYoz6^x!GyH3k{B+YS*OmUR{g,VUT/yci^I!Z:":null,"Qgz$Ljkbib.2WoLLuz1":false}}