{"t:h=":67181.143985369297811885202,"zQ}Li!<y6,zS4g#e_#HQe`t<a?^5y2/L<&P":"a3r,dK%zio",",@uMP%`W0BirwwFvGlLH:SXO$gfrmZ)'":[50796.13796894088897657680,474299076663864189069005644613858325.148581513323693181251727897627182082308],"C`9tyMr*13XBZH(Tn}b1DN=<UAx!h2I'T2":["jqeOQD{MPim_ij1&1",null,null,null,null,"J#oBQ_9(YAVZL(<h8:HHsB"]}