{"A)^d8":{"hqdG9Q5FKM!W}7T9Bc@Qo":8807911818626739553578686,"^D7Nf~!IVr1eTNkn%h6dgp}@MsgGh":61576212037.83168882708451542693,"}j8rZG,`0Tp$N_b;.!":true,"JZ'oumM}z4!gU#cUW7yxCf<V0rn":58612696.68915030324415765137,"uo?eVYY/7n@itUPjAlvp*1":868490977862817833079390.188080328435820098895360424,"Z7":true,"J~TpJ,":50885544749599382763897829.37687486150,"LChFPG3t)4F3cALc7{?US":"ASMrWK%e'INvput{bcLa!mdV}1zF?W$d>G'kWt5n","tp~$m#QUl6Hk4Fxf?<ej1L8mYMM":true,">nS>&:M*KHn*_#x(Tumk0;7^@TzN:^Q6_:fZA1":"M5!l!8.DVQ$+","*ffGD=Fjilsx~whmbMoXt0PykP":828626721120395615619081828722762790856,"p7.mkyx{C":false,",dc;!e6E'{'":false,"6E!+yc~Q@&@dRGlLx@GEWq9Y@HmKwTxzrc(I~":"5$P0`xEfc6aWr:1>>&bRn>'q","2Z^!<N4nz":9986388733.152782764088308754,"8=^~A=+K&xZK5b0.ktDkh0YRdz":88682570882774619.67404628488480590683898529371179072790},"AUP}g8~wn_yK:drNUoLX7x.}I{tMt>9+,t,;W8yE":">wv%@aPDy|",":.EI":"K#a>{IdHdU_,k","7Qy|ap3:iv(`NG|>ropieJ":151354927133811248602.5819729528726867,"G%mZ4=g>Jn>|67Fi{TMt|h^oxtr}@+r)":[876466834979283359843466884740879926866,61815568341494516986080811819288266640843.646192886786387694136944858702530288188,">mig",552588460757.28785988966888673351808187210598937959378,8674801.8764534886,"o8vh+(@C}+'3}CX3{ZrE1CeQb9%k<D}@~,xrE~(",false,37409978322029776088176748936075390843.85084141372128145417688,"!fFjpq;qKcqktLTlGh4",true,false,true,84242838167978815507886882103488832503666,649938834041905066994814342166341332,530684489038452830979414128863056.434393727389551940056,995542243787222635448788.4232588828685700830278122098819437042,3687789,true,258006390478,true]}