{"Te)hVT/C2OzQzs1%H'fIQFUx;u8:G1K!!Mjh":{"@g^~vXw~s>h#t$u$MQrFO(Q5Gl4KjbB_rbTs":false,"9toMoQOZ+G3dyr'Ftg*}1oRATcrzAT6N2um$":true,"JkU!J6^aw+(t;Bm)9LaV}~mj`7&o<":"xUV9*","fOPKM1w~W1Y,K3{DOx,0vyn%'aXDg1)Yi":9103394398,"r":301833086751485220554,"s^+_^vuvv+VZN'M~LJ2~cd?O9mj=cIJo":357252814812970901867085803.4852408821232,"NFP^&d/":false,":1LJahH'Q":8690488844215306633308885.25245749428991807483875610239518,">=LoY5uIjD'HomN!mA+'Z":"+~P9*{7qi!iR9>","@S":false,"CjT^alz?XFnkt":88905406722376660.1784,":vR2CC0>LK+Ei)!%!Y)IawLWV)2&'/a_w$":6161107806.597060888921137503,"LM7aaVXG+vyjf)PvQv@:,Q%DOYQN(Ff1SLH":true,"?Id":"|{'BS50*%Z"}}