{"MJ,qR_#BCN":10269773832769518260396996777182534338342,"WqsgBL0gm^'":["}1p#iSmW>5CQY&g",null,91504535.385684,null,398,84628321862837647619851987608883,true,4,null,null,true,28825814378092319104586,false,7653831488576,null,15306789914110229.827536889476391508210,43474331088878940713284464442849.489528708608322518,3357187059881070889803084801972074784299,7156849,16259835059040564868765475849488,750689840588778531398601878024888,false,false,null,null,6388683518876415113054463786068207438862,"dY!ul$4A02UD@z&TeA}LFXF",81922.1684464081144558051249083037789521387,null,true,"oEt",82762597289898305889033301.6883282808771526239,"cK^hIo|K>M8eq}wfu?di",false,null,null,null,false],"^Y6#&:uZQ*>JEQDE;&znX(`CW,e_c_VTp<9":["TH:*B>HE&o_43^nnQ^N|hfv?D&","5uk$3f4du$d`2$|qjV:uSRs=`U6CG+/JG",755127154651583213634840829511045.990909419923949744714331684,false],"u5xMalxNHVf%~2(@wy|B>q|KeK.Z?dkQk3":{"L^ifhpW!gFHH;t;Q+s;z`XA{Y>@iHe/Q0IS,1P#_":808283585170008948.637681072865817459723,"Zoc:UZzPpNGGw":false,"6":8078884103038132912903,"4N,mMX'n!_vLOE":false,"8Ji)Xi87g+Raa'":8883578893877731760933580,"V&GQCv9^Oq}#cc9n#'o})P~JHE6Lm61v2gR$yyz":null,"=T,>(d@E9d(E<mgh7mejyCz=qQ%*Yv1XaiVd{":true,"u?:sxoVW_5&":5910350916515839573387208736176286.598083,"xU}gw#sk6aQ$!Js?9l|JDY~!/@{2z":84666799837618568548798771673466284887088,"M*CLWJyY;u(fEJRk,uBXB'v{fYn+Z#y{e^J15+Sv":"7cJ'gq+c%siPf~D/R{M,","vmU{&@Evf~ruAK(b00jJ#Y&k":null,"eb+rIS}=_pwg^":"rkpwEVS~}uB7Pum=ngRD{nshf$r?.M.1e;g>BG","H0":3.1962866484,"usUtc:{rvjWjarY%UJGzULz*WFh0b_q5":null,"s@{oy)~jH_r6n'FN?b6)^l|s$b.2tbd5M;Gi2":null},"_W":{"n.F<F":83,"<>PV~)i:p8,rZPM~Jr>A9#AA":356198861693494106435846838150317.977431502971137340504509263,"_o":585992290249,"'efg(jmH=7Dbk6T":null,"a$>II^k)I~e7)IZ":null,"XFQaG5nDb8#%7>":27607780646727184983539780936230520860850.55,"{uk:`&*kgf$/Cgq{|'{~)k@z<h$":null,";6D%IzwV7u":null,"PPiP!/r/'pVfwfEJKNx&*Jt)ml$K":"4en'`|","US47qG#@sd":705228316471617882554688583.464884883465158591638285,"e^>4~;`w`Ls5O%ui@$nWHJ?8v>8":21.612069298197052787922,"Lhz0G~wv?J`!HofKqSnJ0nP7xkhrMx*PXV}_>h":9762183788583207778435,"6o#pDAcbQm7S8'1zQV#}TW!Q+>m|^|+hzWSai":5448053833778820716682351751959,">5:c4H6DpBy#XHoZZ7jhinQE&*euG":4136528875838484630,";;eu}906UC~JfS:4M{Rtoy.l?s":"DuKyn8#S:feWKP5q6/z1WE$Pv1B!S?~Eblm","JL3OF_'/yHbnx'(vDq<Or":8581,"pc!PHX.kZ>uVbfgrt{V`W`Yi?S6":null,">Vgfopx<?#/L%2=uIB;S(rM":49888175782469.8975577818433814814888383735938074,"2t{g^`Cf2M*XRm+n+E=t0~*f%>|Z?&qF71R5D*":true,"%4rdgk!`N>d|,y1$cmjOzYP&k7)tl":"{u0}K%1H*'V^aOA>q~y,S5I,SK$#b2","8v=(rKZ(tzpX4ovByxntig<?|586|kP$":true,"WCv|4|^*_Gei!e%":8636885698464045791036798,",j^S4l&)^9,?PN;{/Hw4pO:lNejpvBs":467599.28088481288237705822738,"xnS:`":68532,"V0G|}I&&_V|E$9%t":"C=os_f","/U{IP+uA)su.9dhV.&#":false,"d6Vj>(^)$}'Ng=?Doc~nj~'atuTx0m*&":46071410876801822703511,"@+xt":"#IJ{2Ht%w6&Ht~~pX","$+.OV^wvNWD":"uhJ?#*De{EV{;vlLd","v(c>*gFp}hP_|+Ovf3=_o4yvmz'RV<NwAZUwq":"Y8Br/b(s;FTH1bspj"}}