{"11*iZ!":true,"H~FV,v,aW*H":{"fT?T@f,#uN;BdO":889166379908885776061,"A;8XOa,HoljEZI":731988463756799864087864922931.47919208,"{0Mj&k#w":135856193151906275399088001,"glzhd>8+o?}HmQ21T>TJhhi~)$YE6CM>":37377848384608593232053809743807.46828174879890679507378765825900,"Eu.Hz+aX#/S":86883384.286938818600252283775,"4ypqba5J":true,":QglJdj":"?T*wxK","Nig&Kh1G26SbAd*":"s<","Km7Q>I!y+ZBGD,8cSkN,m$o":76902501,"r#*aXd#SVGYj1$#9sAI":772291697689720.822356059591813826857995240542298,"Vn17bAnQ&6.W4zAcLXj&Fg<pw8Ka23mF":false,"Ren*7u0D`K)fvtb3tB2x;a!":"Ed)U?g=Ta+,YJUrv,zf9BMtc=ww{X`;}#","SNM*3zCj|z16U(4K<|gKW|5%X$1~6=3":true,"I)/,b^326'cnd:":"SG>'oGQ^'::7$gDOw9K~Jvy5'wU=y%fR2A92H","o*!9&VOqSdH,cW1{i%Z`kx,+w9aCWiXWVU4M!RB":false,"q}'oN57*UOpe":805708062152.6683889696585896396,"XVff+@B%eOfYNVYfdWc/5(P6}}":8587691,"T7yZ=#PsjQUCvzFcdL~ol|h0Nl!qHZh":false,"8X03`;hWQ2@8Si_v^^^fr'U7*}X|95HK<eeS5~'v":589,"!u`(AsquPL2A3znz@S3k%w":"BahZawZI#!P>qiwCWw","q%0":true,"sE~)*cCc@*J.$v%qV#WDZSW$":68919061034973.6614248807276888386701238518,"wNY":31757972381192472121083151040843087,"gaauz|gobMs<@g#W}Y7^+EW":"rSA1&h$!;}Tr/AwQ?Iz6#4VsAWceVR86y%U<^B&","ngS=3fGR~#$pb*":6198616488529782187051584595000613609348.230,"ZAF</Pe%D":611169778538588776480826292088.841408196826054278303133,"(|L!h9Oj>3:2#w5)*B(5;R>6*;~S$}.C^":false,"JweQXWuD+{aq+<B%jc)":"T","~b72>|%<Y;GzHvFkM~TG|&iO|T<w":992005045004794952827558788.17648302124926838504859,"euM:P/Vy2Q67QkKU`NjLxu70@e_oQ+/8z2*7a=Vw":"6#Pn}mKJ|)O3DY3o@/.AQfsHs","|8Kd,LQp9jz{|MK7)H'd6e+W~":96512839090899962.8656521780968758569984282821093},"Wp+OZ9YL2p=*V{ftC":{"ErsoYs*SO6*1B;Y)K<{>pAXb2&":367906170579686,"L^yLM3Zp9uaP.G%<f1Z2Xb)mfiMd@L{qtr(JD":18888534048.7262858584830874858654888107489398264,"|=kV%k_":"'<fKS","s9RXL^O('":9601839046768021501667930560703086000849.180529985020195641314139888654,"a>X:P6q,)NyX&jKRwi;t;:|/k$;d.@HO'":false,"YA=At+T5P^1T,d!+":false,"X":680793245103580048885458120568,"<W)v&":"^","P~HP'GOuDx%+M@95cxi":true,"Eb&P*#||k@":946808809888475073285063520696322775282,"mo:,6!Cr^XBHhZ^D:~+E7rUO3_5/StSf(!?d":318318382053277663049788202784887,"v;^`:X&Csu/fPo":518168648949.36829380087889954624,"mU!#'^C&XC{|<'8!>X3O9O&di:.+w;(H{j}jJ7<b":".U","&hxL}*0Q;3au+Q4KAz><gQ>r0)C,":16355388,"JFRt?(%H":7383396581281600800.876,"^XzO>,":true,"p!QP5!w+8mCGB%sie:i(Z7S":683644403,"&5|DtNA":"&$qb'QRc(GT|&~m<i","f(L6:B&U.^Bf@m2i7|zAs9T;5ZYMS1":5207827475483264381,"ilsC^=yzoT7)sTpJ5g6<p#":52963905012380831519352518837789886,"1SGvLhAeub~wTVHah?85t2/G6,WkZIo":"`ifgV:_,`?&0zt)s3i@$#HG!LK++UCRD)A(5v2","4U9|":9698542305068881800912,"WJ<eTkY{l{4empj@tjFe;Y9$*?9ndpevo`cv:l^":"uW2tFzFkj.Z,Fi#;V_UQy.m","Rlhk{jC<?@Jo|<DlHKEU{)'e<xxY)ZL":58055217138,"BnUdIlV6G1hcY'B<=3PI'0@Z=%":18384344923710194426419,">~Of,'}0A)/_iCP}5h=UtcQn":true,"{r3p~s/bBNU3.7iYSUU'cNV#5A(zSS3M8lV":19.894007658175698411424373,"+G4s2m(k2JB;ArSV(0f;UXpURWRZWVyp5*?BcABM":163281596298398026568433688387818405515.756866855983600,"Sa,esnj|^M~;)D":"ou/SskBIh?.","atXF'HQ8xAmW1Qh+9GgN%29J8":6208296820,"wic+%/Y`0CknDy?y<S$%:U&qQN*H~}AOry=rD":78885154589682257,"Hp~K:,u;g!eXcKFzj@f0<({FKQCI^S2{":65421306061152763.78514687381956,"Q%QsR,FO":985182614066444492994180607983120.44805378738344613236095,"T;mjvNs>KUAN64aKO7fonX5zC@'{y_roy":29866997652524617569780445.154984854268096868762361970985047520,"_{5<R4_k1Lm70ifCuGp!IvJBKEt(p!q<":true,"Isj8|jrn":34151437.6928846564,"C}mc%$3O{94<4BR":84696416745514069766,"dTVl4Sjh{~?e&SH@$b4Rf/Y9OBkK640QzIn.R":2097180585056302142484.609497}}