{"d7YiutbPWTKv$wAJlD5$s^S1xxOf7e)tXh>}Csu":867.154881246888358216545590519888708929,",0crJrxq5B)r?V6C":[8940456237879108078,null,7349071098077823721,97,1206485389570473471051.8067413272169,65861883936884900402020887683108715137640,true,85157611281416307628.8411185288612949273093522426182184932691,true,"!V.R5Bp2BI,r!eK>8&w*anp+WX07M(t",true,null,"2",6037698851981833868236057343672995597,8213524042302739,4496857027838856856789728104508847,"/{L/o=4R_kOQ",null,64994841968843246484874513849318,false,false,693268607814718198857864326521243.17814309047454287124,null,false,5.53441103882680,37846761149788283387487398830.304070371588690459583935458,">@Zb7uY`:3YB4m8Vs&t6E3h*$*{@E?uyx^4gbdiU",false,false,"&xG/.;/Q(UQdnjZC$Ay}t",false,"T6$%FB3O$|u&&9I+4=,RbS",null,586080870381853717679886678328.8,"{,G<Da%zTORT=F@kbi3ZYz"]}