{"<gl6x?O^B}.s)7d4EA%d38Dxp=":180287329,"9cTYW6RJj9hBV,GB:|CkwV7v5sayP":{"vn&_(!?jAlAyZ|DR^Ma}CQWX:2uL!SP38ey":true,"XTX&9":8751.899645008188368629091271401756,"f$~LjKJw6(nvfr{`^q6!#=R:,3:!xK@":false,"tt9?tdx>IdnZf<tk7":282884391885139179322.56828457641084947328407497802916128},"NN.q=caqe9,;aW,@Bv%)&b":[78875978674.7890758688658948765584648049,518231408743519858828862421491180,true,5634780739138,"<P4s~'%u^;5f{8zcROK5iLP",758668396387921718.4251170787106508109,6098527583816405726314897671294.4,"r=,!#POWV<1a*","25T{|<;kThaJU4v^xB%!^dLUH8/k","W%yt..)Rq/a1v4k}lh&UJ&V>txNK=|",878.7703563862348785727463298461191883,6884871888676882,69071491734.101950888991612877,"v>ngX8SE;3ULDBhyy",";",787722835165.803918,"niN3%CUB$Z",false,72786563102894.482154183],"jr>":"IH@I<}8ydq@QQcxmR"}