{"+%&Co_LpB<q:Zue5kH":{"%rcYxa>wK$b":null,"hA:_U{Qa*7s$rU'I":true,"chta9+X@S5.1z1uQ.B4&k!.KD:'h0u.Ic%i":false,"d=%N+@BfI'WGE@ki<)|I<_71Jsdt{":844.468812354423512738,"oX^H":false,"rKvaD1oeGtg_pOhRT)MyT|&(=+N":true,"a8{OH$r/=Af@SECVBf6KmIafvb":"$?7W`nM64jBt*{URm5fwQHa~l6E","=<%F?0<Bm0IAN.ONB0xbp)CDmViNt'IH":54372.384071820088,")z`qt`6&|BpjU$":1373037336205787774791.3683375551887814090181,"x'O!XEfD%I":"HE#<RrrARJ^$=J:fG70m(eZ!",")SB<24Lj&xq:L~":91675880862829552611.608277,"pp:_Cy&r":null,"h1B:6mQ::(w}z1Gq'TUCWmTIBs":null,"IxN`J's<k%S{%S;{VI/:k#luh":"p0hGy&>6%)Pv{d,=r1#fvJ*InmY","XM7!Z`@8mVP_ud9eq(":7857524880411390004213523.66388857058080884084006749794,"%o;x4jMXT)nUq.|nkv":773353018988708144,"M^4H:N)O@'Uul/*,@p~T>#,:J,%r)MzJyuEg":true,"DF&aZR7z!Nlcu9'7INyR^*kyj{0":32527986408526398705418015824779383.3575615204074476306282,"EMJ$jV/`kbntV'dVz<X=m}+c|":true,"FG@8qIq":92505646,"d~rvM%wcjlq%R(=yg6Y~@(fc8bI,`Mcp5":68268638694955853733386868892482127582.75881},"@jIvPsZ%GFEk{NB":["PPGNbVa$I8B7Sr?9KfET5`qt|)Pw~MA<Ea~U`",6988832577792327155.7011588865892842088,false,28838645016534,"AvctBvY/:y4>c",73268492042493928197621866,8777764019715797078513692174160177261363,null,null,555.8950381,true,73214040578952938600185239023551,"'g{h","`d`=xw1<~`IDjx","#%5dT'H0j_P7@G","z8ruNFO{sPv*>O/$bbg3)m^Se(<x6c",781464885811272972,"CLbG,28y",24198,false,12887618858834812.22334606495490878480870077,true,true,98014965489621051],"jj9qhG0AE.lfQ1^cN#0z&?;L9d":[504992698319148194592048718508574889966,null,null,7046831352182783901322802348,341736254858444992680121920967.6598877452510558863108,83911888858508012888389418811,175197369871270.6231894120618883306926,261035397658.101869798652154517061048,87808545766899189689902851503130888.6299298556178181386337,null,234489838971379002917130675588,3895615988757425311858864428373827141,false,22762618847841390722215540015404630815986,4794874888,false,"WQPtXA>/nJxp,>Gw",false,"T@OJp4.aJ0s,%nS~OO1JEgTuh34WG(`O",").eaivivG{@J_GtDg+VT2Yp_yz@?_;r)",418430,true,null,null,null,15238158044458528904.6291150290163608829144188682288531,515857626288448805119611822675.5,91749817719982781287851875307444884.3727331,true,null,"x9R",9118818866076722915220719037754881338,65252296252491689427920]}