{"7*QF)UO,}:mD)j5H.f<G04StrPAq>@4~?&":"kjT4n'j0yakZGj?U*x}WkPXaYkGE$`U=TJ#pWVE","ri(d'B(42n>c.H~":[41677724781,3300611,"C:?n4A",20897769848401128833581422,54484948755840558880075751766780879087276,false,785635251868429,">Q0T)edYZ",60943829143075955.64788,53483185585003298363499102607095526181,true,1888928485882531489773806879833664639,1681483859928514353678198788397264378.692713432717815628628269491887243888439,false,74186326225158829828774077033889822.54272376885920827495,"nIg|.5yJf&GsP`v`VX^&PgFB",441194373595085065572454408888349812019.18056281547,7686489207994217850516,"neL{>6Fc;BqV;(0g=LxZ>9X:|tP>eOLz","NO*oG.faj/CUR3CvS>{4`OT2'`1_Nzm"],"{6N":583,".92R`'5b)/=Aw':%*yZQj":8718925113685293759841451468044.31}