{"ptf}R~^rRb_Tt/J,&3RsP":{"YE{LiD7p|rh:":97881191896108883598925938647771708529839.181968391594416948255176099508735,"=noH8vyb2rh8B+_!~,0cTf#0i?":485633886325850,"/e+cNc`t;YLQ9%:YZY9Dj0tq":8769083.442878682930976646485288240389489387578,"2reRPN":197569981428227419435.157795,"$uJg04fJl5ngYB8f?Vp84/WfUpDGkm~Q_xG":false,"}.{@^LpBi?RtE":5689316880724950868603807822922253405483.6350625773534008360288390875318,"oN/VFc0,ucHg%;<NKS|tu?y^e~":"oDOwE<<","$<^LM0fN}P*vR":188485361180811889866535320098152.501192653990887675358108403657238626889,"k>>1fIt|D|55nGLqHpotIr'_!":"E>=uh6pcHbCY{yy:Su!Y%~=?f6iCIK8","=#_iTPh6.R??+3}cWiBMyba%U1rJ":false,"95#t4h$fj)P}y1CYmQ":99057281686828},"W{lrwM5xgAg$+Ts1j5.KDidlrv|c&BF":2756884487525847335819427717886.97}