{"&|aDZndbc7D30H$+":true,"Q,`(jqj&p<f(sk'Ul9":{";qucZs6R(u":2668284386981589884348441834913,"#d(t@g'9BRZ,idzo(+5EnwU=`SqtXOq5v9u1p~":625597916781984746091440993.4087516579329088948955845184066238408,"Hr<c(T4=9<h3I?x*qAZUNDU#{`":true,"y":8641858296657985792784593250057730,"rh":7841319846120.4934,"0eli.d7ZzG=":";OV*?|4:;M)*FraF5+ks&0z&r|7o+1C3:GAo.",".'7&o{I@":false,"|~|.aX:Vt>h5{m<^a,.Q1CT%?4vx#R_!PDlV":96255418217098,"'p36G`fX8dbIFdyT6O2MwT?+OqhSya":";2uhbMF","*x:IsXlg:Yl":true,"|3r4uFq`X>&!_BA}|{f%8dtK.fm":6488026734870767,"NAMCKXw6CL;$'ZpEmp$AJ{&h=G":8890400944.17205884681388867810163616800755838,"M7d!_wjW|{|Yv=o?0.!TT?#2Vjy'e5*2_i":false,"P?>tK<F%,'V!":"FFGI","raIQe&s;r686e'/hxMYgGVe{|3B_0$N@oAzC":1868448211,"Y)~(j&5ewRHIYrl/4mm":true,"?6aMosaNkAIEj":70923,"oi}C":4881082676765684291364854,"|mXB;4P>PXmh9FXyTUOM":674985118375007789441,"+&#P9V<fZLh@~2S":";n=vfnAW9T%+J~gKBo@/+'3",">Tid.5a<f:PY}c7*F6u":26310013.3054,"+Ik`,6":false,"77}~84|XdB(,ShAD'&sn/`r3+Y4+'":41828088297,"sJhjGI7Hzwb<lj^,^+L=tz,HT.xLe5Zd1uhV":422778888351.994588035526857068201989614,"1{NgU|x=Lf_T#$&{(ht2?k:":3886780,"EAA(xF4`_&}W2{OkDbj9R#Jw":false,"b2aky)iaJJ4aY.*zw(XOz":"!>8^xhb,C|lIkTit+3NRZ?XOtO,N:Xm5Fp>`nsF","3*Oz^SDrd0>9Y":9358.65936306268608,"?v(vqX/Y~HFR+ih;5*":7523422213015547921011834826990856079434.844853354073,"O3,iOKmeGOI<AP%`4m1PlN+":90164494869395905826255813.309681971938737013678,"|Mn@)R<@;NujDCvvAC+g;GY*x?oJLe;`j,I":true,"`|pfQL;":3559404184295.84971,"~>z5@d~;1@*u$j|1?Mt###`NO`pW&H,a&t#^Fe":true,"{&l%&%!^":85837582398283100872926984885955285.787742899268086875}}