{"*>uR?U69HK~a26&~3t":{"U}vf!i3x$fjD!o7X+'A*hlZcv":"9FCrNj~X{}ThOB(!T%,*V:{Iw_h6H~g?D/`,f1","il4wp:e|,|I'njY's6":90.2924108915911305,"sX|gy1oFU":null,":G":86723035508676946008655855785938295859.54612448427688586738163,"e=vB!^vBD^MTMOERO{3":120568,"{xS|ap+h34G":true,"S96'osxt.b":true,"(GU7'bcE^Ey,/@GSjiS":"NHoSv/^z6oM{TL*iu6PU1","=fw:qJfgHiph8+:1byw<tlI8{V/)N5*qozI":true,"V~w}N~qw)l=wfg_/*Kk^Jdglfr0`JJ.sC95o":true,"qVJ,k2@8bge":null,"NR06qx?k'QO;":true,"43jSLjm=oy2jYkZahWii^":null,"zIuMZ0pd!_Ez+XJI%X+#$')#ePq5f${^Jf't51":false,"UY%^2G:HqPw2":null,"|cMLV7|R~g`N<xKcK)(j3bHE|@lR7'`VIC330}J.":685489899598438573948,"q0I4J4H!36?9S|)%B;":"?.)|T~VhfE@qcag'8X9!ZqnW","426tP)":false,";Kd$M(m2FM)8aYIYa;uhU#xqh:hI6fKRc$'":null},"0ji0p":{"K?JF!58t3v4`0#ONdKKd`<?;xxnp35h}}=W}":83989.190209888734401946078016,"QRj}NQm|G}IN(j^MrzL4XOoeVz3Pux{#eP|AqPr":null,"EY4~zo;#":null,"4v,J~}O_Ni%&G.c2)XN0KVB}4ufjL@":null,";jgU@qjIQdK*S5)K71j^hMQF8K":null,"n)b9M":null,",`6eN#/=C,*S{5OVOzKW6":667.6850529444,"_hS!cJP`9&;d^hWpw":true,"/,^5>XRYmc'!OdYvJm+Wa~":false,"D;r)!F=6FIYBV>ECM%p@>n,!N|$n!.+_NR}lO/!":true,"@.ndp2g#xe@I#!@E&SssQ@4GGT":false,"eUhe/9JW_T8`8_Ms":748888278729810862,"E#&xc#/9oQu":false,")?":true,"ZBoel&Hu.(sr:PX_,":124838543898335890688420290089.60806,"mu'ohq){fIPMB}fW@+gq":false,"v8lpH#?>}F&#q0OaNjC8lw1X6t=}o9A:!4q89":null,"f}?i6_DvaD":4873868681807655052332026480.96838,"PXP;!5L0Mb/_$*G^e{%N%kae&A":37353,"oK":null,"7g$l00sLoavlt'*o~=C5tgvHnnzO":true,"t;aIrd'?":null,"jFvvfrzH>V}JKHuTmexW*7nF^a#7w)n4V$Z6J":8808789218868566514881841.7189155871,"2r!zWL~aZZqhXU*!YQBDo1i/u=8":8727,"vDH#!^L(az)5{oLw)+al6S76mc":395198787908,"OF{vQt6eSeFUbXqZQMZ":9732218.917218894018198308823453428706,".{Un,.Fy":null,"K1pOJc+a,g!o7V7NsH9~.wTLXa'0x":null,"L^Cjk_!rR~%f78)(":86227498031445340452577508550502.1803560950855937854163281845084446106,",oEl>i2!`L9Je)DE":true,"V8&Ay6t3m|fLkpm":null,"OFt8":"K","`lc$LILVlo8e~p<P<(5T6lf~rREy":8.69268097878835059350868},"#_6IH??!_.A9;P#^uQsJ":{"f36?'=fUr#%yIWw1x|d08`^/+^":null,"2SRwGL)rX(I%Bm5g&:h7Ko(Al*B.":false,".#7Y$JwL!,raSCMPmA'/ht_>Av>aUJ+(AYH":351938046.681396988805788878874111588098898122863,"3DF_0D}oD^U.fUvN_+Co":1824733324067833840813482,"g>y{ELC`%56Nf90x`aL#129e9HfV+nA1pHD":null,"fG9yNe<(bbQlYA'T{%7Rd_mLn`N":"#%A(","0~i:!0,}He`S!Wrj<u9W":173988706888177116181.8,"eZ0UhCuNDxyqvi5*OX4DEF>.":null,")J!.zyf%51{m'mjs3n7%?m*`wcC:Yn":"VzthuY0","%@(my`x`4u,+y!ibB<2r|1iCq8nIxUJ}":null,"aXMVM":null,"e:`<^T/=~E+6>DhC'84P8JtRy":81099537021,"$I>u=X==G5a38P)q":833257840028822234,"1%c_`F=<g}x//~90":43120488,"ik'XV,tO*3RnZs2dfh!LB:X`&xW;h#BWQV#!":true,"&.70aH6YZ%w6Ft$qW}{c":"IS)#H%cdW8Jn8GL/uCw{tC^NR'6h5nS..;_$","+/p":8493488703350,"CNo/s!G3VX&A#~4H<)GS5Xi:'R":null,"u>;$_1X#^":">XKW>fTzACI8.`0h+()0sLP!","178UhzlT/FafQo/YXzq2jy$f'&6i>t)&KfYU2jW":"^tk3I#1Z9`f$GAShQeZYV,;_","7'|)2#JWK.}?_H)2<~'uDx3>Gv*#MI}d'jy+OR}C":5685491282407008052898,"lsAXn/s0km(_9XgLq8":331669434873771538794302891029.30469498333842518883445697387167,"QYN##zd:}fb12E>C":46788437540.608887351412479581426660269825978,"@qiv":true,"`@'}yo)/xJgr@rw1Qy$v_&DS^`bO5EX}%x*BE_QH":"ojaUfD.vy&sr9"}}