{"/oCrN?KC9~":[7990658886134738445366582857966801.10458263745788060709975380688378,false,39831469433502486057380472142428813781953.845098791576948905094213698981849,66915984671380048875089718131881378],"g?77yn+^T`bh'XbRf_zF*#j=V7":43875273120598088498439932345,"@2Xy,wIH._@:a'dr9,O>Npf>Jfg3SOY6U":{"~hd,{x9n,|%$xsPQy^i;}4X":494988567809839,"$COWOf_~4!c$lQ)CjCv{W!a/iN7bU":16818364791681889980.2038,"_ZGBg`5*TRGQ{{z$Z,":595864148198659.1387251793,"EsgfInpplTF!ep<QuYfY":false,"l3Hjd=!:*L;>!QoC)":601149131166,"kc(5Y;oeU*>G:o<GV@Hk)rx!JqNa|D&/mHY":716781881702452146032807589628849870680,"=G&I*1FmXR|MyV?w*cp=b&8CJp!":true,"H0sbVxQhK9bNBsIo9PLjIMuT":89888882968714.8957787640105,"x6OA9B!CWzRN`BcU*;{&Ns*m5I0=QjqlehkvN":864830718524313814898488888496178,"1#|(onEA&i2:jPmwaW+Dmv&8DeK)GLZv}y53T:;_":59781004508979575797869882.3,"T;%":"pR|.6T~xhB~gj8<_'PL!#flCAv=","LxSkO5#c.G4skN{Kt*0WPStw":"ol|44$6j","ZKH#~tKvgn8gW^$+SD%Zq|%:6gW":true,"@ypqk4p%M$O$Ua":true,">`{,YSI{K6eqOOkq":3112890182488652713749401.579642162848375876505383782734188,"s,$KRt7>.7jpvas#,FE.k&5((h%+X$":3473057800888537366878899242734995278.733,"12#XgBse8jhgf/":1895771568681603811,"@6&2Tlg=QJfgf{6H6Elh#jWSc?":2904232837738702849604090,"{mz)qXKHpxC{MrnVk<":true,"V>F!Q;B?MIVF>mh3c!}NR+p?jMI{5DA7BK":true,"{;W!8_>ExFWH*t5XIgTss=dp;jfh$}8GYE2":"NJh,)%Y","=8do=:4Z_XSuZ#axoJj7}*6vYq;h":90324073207139578249662885258885466,"~Ze@6VCpEU.rThU!}CF#e|/N3(Qn8IPF2*0":17495.62423958180316}}