{"afcW1ZvRR*{/~wr%s!wa7#`w":"Pn`ULqB/63@X+;/)z8Kyb$`nE_FS9QG=nk","c,cUF~I(NRt>OIaR":{"(0!%Bml~%nIk@C%oqyZ;s'/":true,"Vzbz":89986042519634902830615859586.97148279899282327466265548238883528891,"60*Gbw1?e%?+@M|!;V":true,"$?,bQI+>Z#m)w%hF":3693318823155589885,":xlTojxU5n_Ic|6Dbn3u|bORsZreLD92B,sEV#":":52bn8*74OvI'4b:u;~ci_?Ni","24va,(G~Yj":true,"3?OBGm":817855071084741140.331843602278316059,"mI":61100354084900049628,"8U<3fV2AsAm8TbKJKDGm":"Be0dhFyB?N_+BjL'vPUj}NF0ANg0e}ix.pq","~/&(t4V?6W;HAtx*;Lc::!R@#9ac6k;Tw3w7":50048034231.297480894028409476259,"I1)a*:=j:l":89032468098920688148298397971412899.21825997536852584167665201883723,"K(=WfG&5Q6+t:Z4szhSu3Z":"+D_/VKx|qg3PRHm0/ivv{lDOzXe","3zqCDIQQo":true,"=2SIr%Aj}36yjua9?|$8jGg,EEF%js":279582.89048378048881774727385888114906865,"RX@ze(G6)KCsEn)sHOMFCT#U%cJk(,B){6SgE}W.":25100683775524927888317293058238,"agcauAI+3dfk)X(|}MXcXm^zySAm*fF":true,"$XUuznx)Xq{/=?q":4981320283857566389168},">27f%q!Hr$05Ukk$mvD?NGNUD/43v!y`8|0un>fL":{"P5K;T":5007285800738984365839481728241622166,"g}_y/ujGe0&rqw":2454641881058838685988008,"j=O,h4;edW^&Q_Fs!Nt7mvZIWaSX+)Zjm*J&cM":"i$","md(tRy#&Y2E(":199532207328758109874.59079115788150515687,"'E~":483117796471814488828928.3881386025985095662726728456,"Z#:y":48741375683898482677.63880193961062880881,"X9j}?fE31D(hX$wt7%)a({/QZW{Hn`@":8793528.2983195606648278012168198836983256,"WtA/NVbYkEHMNCN6@9jcG":5886966787479344168,">g(|":2424944342712792158578169804338.8294766716564,"PRHVOF/VC@'<!>168kv4v":"JtDvHB!Qo.hg)#~Fm","7NHA|!jKxK97=nhz0p5BnpU4bo~`&VtvcTiy3K":true,"3@JL{!FUkN#v<>>&M*ST":972658538985884728555,"fc,58C`R=pk6Aulcp^":true,"Vn+d*z#1*g~Ut?PwBA8{PdUqltnfM5G":51804423225808507704984,"J|/_^&u{Es3tJ`jFy_mMd.VM6YEemI&s>z":true,"`O^me3^nV6":"/kkU<gANL!yD_%","D*KmJk2`4_SV8h":713968771616332782079008.88283001449298016,"JXp1N$u'F/+t":30.598977113318421,"q:+,yAeS,'/eUl,!v90lB2!8ND,4v$o":"67NOg:O@y","dQm|":"i>d^))(=nQMs5$Z9Po_=","P;_tq/%":"OJ^/h}hhm,&YQzqm,yh=|D@IN'J)EC.>xheX9l","u8I^T~n6j'5d6`q4iSw@+J;#7Kl(U3%@":"Y6Of`{9T?.","6L8A{H":19.853844547828991382976,"n05%,l4JX":false,"auppv!DG|e3667zB{PT?9q7:":"iR+9sF6D/_=I'kWkfTv'.Qs4?~rs4(09Yq/6^9u","43JJG_=ge1`s":17466185879762560821239803229649501682405.70760485,";_":479.3583484,"F36cmhHR(jd/qk<Xw|jn3_{LA/Sa":67702102282955510465887.50413878636921076507928315,"RCesz":36128302051195880969031712055584.7,"YF&:R7w<Co^Q*3ycig3":"N/lAqO#MZ!MX'1HtK}vPiCGJnboy52#","xEnu5`x`_":468431631888327301,"<W;4q@bzo;jBeXW*8|":true,"8x":"*$/.FDSJ.MZaRsClxRw|uRjTT>Z|'G<>r","Si^CPAO59*zxrQyiziql!k,PeleK2":"/N&758`#qx<(TUo","N+:pB!pP>Hry@Hx05kvZ%C?":4463245823827673826080616623},"&M~f}CHX$pg3&X`&868G4ZH6(I3YyvXF6b;zq":[29067688000464310737039475,"0;",279333269.499580562389,7601752628288832288409582744,true,"2)VpT3FYU!Ix6jM/3vGqRi}3(FI4bZN",23081936244403644038724850890720831,true,true,208383674767971875891679158991450386,348848524098181858134947048083880582243,"+uKb66uz@Yc|",397.879978373977888647884705584,"K_mKLzep3siO0%_R@pAs'3_Lg)E}O@$`Al",true,"GTDt.*d{K1M=p6",">3sd1gnrz<~dP*I*C=E0%'z>qxEDeTy{Sf!e","9en_S+LK,{+/@M;z7DapmsWg!Be`,WZ<d`q=q","s~XA?^GqcLjXk>^G385Imuoq>l/Y",true,5063546049301335527057355955284173840961,"9M0B)<~h)|?(u_m~o0A^4A'a81A|ej5l2",true,880651638,89.63143430816931756389558878050051805848,false,45508783054867877643584340.7004846142370739478,"Cf7?fm%_XB)$PesY'Jn",2,485004480,47457480889452783694222584967,"{/S/^,H2BA^b=%uE^~i?%nj#W","YzACU{Lc.}tA76GtiVvFuY=kmo{`w#3421QE3"],"f?x{wiU5u@u$shb!|?~$8rOuUwutn<)=i&":[true,true,608089.9184854833772932,49.27864203268089,86889426533.9028111,91373,984705,true,216774063657235550623952587466287635470,182485424,6170880294284.1162084477,8.7342454626497906938618,"XY@Nd)PD3@XsPg<eH",44533341559905938274,"?Wz17nTV@g2}I4&z<.U$e'_iTC9_cT9%hK","MQF:uDy4NVDF<p)",763846924046318202882690.916343128533079818,4489787068758461726411.24976455986420843167595289838134551938,"Z#A'J,3O9U",414782410218.93105506894222402,5841915655689586419594,3329398588,83753011485784083877896988729744848952981,true,true,8552970070863021373878088649358143492,8,1650135561668338892,false,"AT(e.)Rf2ad)&$*mt2w}gZu9|",true]}