{"#c2B(RZ;$|n+D1PZc|J=}_Y:/_1C,5^":{"(3SY7M?cBt^1=W4`1~89/":null,"9iFtUw}J;LqKK/(Dk/YO$l|p$&vw":10706689812680793688365286445483082851823,"%6_8l&b&T..*M;E=":7187845057150222140781285886052580865714.646809874327286271951663471,"XP<'~<}oT(":true,".U2*;eW9/{Rb_*2/nv.{<2UiKH{YBgxp":null,"pNWwbS.q{`":null,"unO;`@Fo6h?3Q:ve{V<mc":null,"O#BiPM8m|t%WI53Xpq.Bq~4STt``DA;XBT0":false,".HMH.Y":452536480493077247885982857787.9521193,"mc%CkC2u##)xW1R%$2Ek":"j+T'X!b4ojZ)&YBM89M","%FdT8QN@xV,05VNvCWE+2zEW%h&NMI:}WN^":false,"a&NVHWN<>b}w>*VG=#8=":78406477822498490,"nwx}j===<&1NjL6F'Z5Z^XwLxSIv+S":null,"(:P>F;p":null},"+}bcT3Z:m7&:^D|&+pE~cX)f(yu3}l5":3810121128133538423718857144432,"?G''9eI{wMwZoV>e^xNN,iWhXy":[",$oj3Xp5*|9#$GKbq|e?",68282865672858099559961,"6BW7F_5FKLyd)rcMt0GK@p}0Pi",32207839252766188826894.33600283153840312655499,"uG^oyEEENH*'gL=K4{"]}