{"d40UppS&Zz8w#":{"'Oy&NyRm!4~":false,"d#+qV4~d/B&r&1au@U>4lm}bN!":true,"eU:K":118749701533.75714292887013857215890745605198255,"O;TT,C7xjV^0AZ:Sa7FwvAq$G}lRTG":57334417093841683617803845,"`>q)m=.'Wa7;)x7'":42984780525858278442685566887872.48411369261028948456736188926,"/SpNue=_!7?%2*R|/b^*^bN#vld{)Yx":"LhgR0MNs5'rwunK0lru1ajW<<O","';N":true,"M^n^X6$4Tx}_!*np3":7964.624879374791446,"f_~N#PDO=tR15C!":false,"mt5<jV~3vK&":483316165689448331588599205007328684,"4EPZ>j9uE48;&mwV9eUrH(":3749972758799664836293.584889,"!U*NdQmK$9iYR3F":23415808982897490,"0lI88N%Q+`kXJG+~|wp80%#hdx":631470202.25818275123573981578782803388238,"gjvv11/tPBmmW)@oe$noQ?NH?n":false,"umuk;s%9L@":"X@dju@)$Eppu","1)+rl;?Js1/":2861935223568,".3Q`j,oJilm4$%{fG_+&B5{;7_":4085592.68038,"UC1h?/M_v73E":"`RB&yRA'lJ&$|Y0!hVh(m&rk_",".{&.!Dc=cNMDKNwO>L23":true,".@u0EBR;=z)qlnBj+XlRB":74281662548983.8812788500,"g4Bf0N(@a8z8N1l1Pp}3~HXex14":239430451.428581,"U&$5vW:)o":2798913,"tgzH":328758153526131.670602082490322373885915844,"0k}xPYuc~9S<n4v#w;9qQShDsr:R>W%%YE{ue@=P":":}_|d_>","WFyK6f@l<SUJv7#R_j}*h":true,",EPcv*U{^,0fC":true,"uToqrU<k5jcCI<|KO;RZx$j`k>L}!":5683280064822,"ZgD`k,5GPBE<Ah2":938185815249398848182807857.4073955320666764891919879,"ie3XigDe*yqE?*x{Jyr":747702098.731447888741466850485088600557208484,"#RQ+!}h.*;DF*L3c":45904262880806896678499999,">@;hM%{.1U&K|Y}I~jWdoH|9z3'qEh@RcI":true},"^E#J2~/{m^Gp{})S%1J3)tyJ!Sc>u8eic#":{"lFN`H6&Yc<%thM5BIgG}*Lzr+BYsn?$H":188241840,"YO{tY(o54mL&aLM3o6S5~dJ'{xbVKTRPu":82483498686129648824849966969888,"hri%NSS3*|B(doODo":34803978800188113854467352.26086691683087697184226869544361065583187,"9?:zt9F@;?PJjh'>n|PPfa":"F_R2AVXm9Z1,*}e","@U2/*gCvT<{0@&k;zsX>tWJrLSD%`4%(|?roN":489255477895889,"UV?":6381807726766.8143844133177151951288719084,"~49d":5125817601591384728848989208840272.610793030,"p~Wogkt#/UnSj/.'9932@{XG+|)*7%5tPLvmz4}":2452351150949588260084524.58921644407,"m+m2$N.1jA.W6v":true,"j+":"avDoJq@>2Gm`v<vy!GO9NijU4I4Gc","xYw$JoJModg":14,"X7r7yOZSn?;59ye`9c!'1o*BuD1kM":"xYC>6($wt:_{?pEqg/","QXa2Vj&IVr:D8UxX1Ye7`+#.VeL&^V8_jWREy{?":"xaB+RNBSl0hFN1boDZ,","TLEVTes}p'EgbzYF&H@A+Wt:R`M@w;u":"*=","niYw/":false,"YvpbvBcC.4`.u":207,"ms^?s)SQ_<e5~~E;0#|h/{s1r(+s1,)}FU+kR!{`":7384546682838260410380655423136863,"I":67847947757846334,"2g5Iz;jY@EelE4S_=":false,"<!xFP.@c?,ANAR7)UEOH+*aoFp1V4aTx`":false,"2iAs$FPK{uYes$33auBpg14g14tZ)+|1c":5580931,"A;_6;pbT?sCA$~_hchu=xn3Aav:%TnEe":false,"c6_<y,":986864888746390876884948351608005866,"T@X*jUUG":false,"V^FxxECA%j/&G0D5v/$Q&S}%KGf<Rdl?B":118960.5380,"Y,8`SDzPM,NIR>wUn!4M070$g@/G.a{!d|ju":"mNvDh9%5ezD*(k8J^v;j7F*lz","|>B@G+SjkIQT{Ak%79/":false,"nw0~3rl={/Mr":",n,E=RO5f","$+|HSVyeXvB>aNBSQ2tv2i@Bkd!4=3iu!H1,":14076149110388521189995741700316725506385.34851855,"Zr~O2:o;w'es=5AWvz0":894578824384068344372614697361259.3735056624884722583707059949,"9R`JtS3wiUo&io":"qm71'u8w/ayRnAq%*u(XQ2ac?t;jaPJ*6CBTa87","KP2v}O3g*.f3aM!GGKaBSWI{I7}C":"eYkl4IS@:='","ZqPV<=O{x=M<nh`Icz_qUo2":true,"|7iZ|eLg7_4LZ*z<jb{O9":7601028273286048305.80592438889360,"}Ph!MySZ/'F*@YNf2FI$)rhquLi6`TuYy":730704480816846331989428267780352887,"0duE":8394416487179627287881798118.479,"9eDssM9P6{|f|N,<RLt":false},"fY)Z|yMJUc,?EeADF(C0}XQo(aC":[6549648271972387552193567628,"#^yXC7`i*EWcxdwM5WuW",10,8958412650034837492919414831084021,true,false,6734520833709411701637629337188.4971157,907875581829089275.88345589846720,4312529036329.84886519560097751439058220,false,false,3724883310385.39866647296832296893984218078584280150,21602751192067815742.7951912,true,124582155492636773875339378,39081297243920892582874103377988],"DlY=@lR:=n":[430591557208,7897816207.854588464511929879723359536885865,true,1,true,2296078362496144,false,"`'foDeM'9+WVcuM),;qWXhDA1JZqMNQ",false,"(hu=4Lu>V'fofA@F=a=3f2",1338272.985558821500038816490462606064360755,false,5007398884769461688657566380328.22105594334,47116135424760225880382983,88812028289327406564203738780463,42.936890,";D@>OOzfOYe"]}