{"6*n:={/~(!Q%*}|'l;c09A(s":{"!yduR0u5M%(2kn%a)8<p(;p!7s$tIZSMyU":19160308457137798579.95188826869811296182931518445709,"UK,gqqd1/eoN(::!N?_":8022492808777622844518130.87883724526462482584887,"a=1z/.yO{h,.8?G{l.X?6F(+,":957380.85211109280188580384128885286126,"$b:kiovI};I3%|+v:Rq.,@q$l+kKH#C":9758104612927857.706812081091368830609845,".{7bO_^5k9hD<,.m*nEF":1515085648799191377689.3088505813657372597,"}LNY?XlbYw#!QeU^n<f#C+,K&":false,"1GowQ10$I@w{1Z)1":true,"&Zy?LwejP,0:uO/2":false,"FBU9naXj>Q#kx~":198829712609188655427170988771.23400170047307919838673478661482,"Z{Dc9b27HFRM":"qI|z#pJhl/M>gY*(:/{cDqQ$H}X}{=1dg","|*glK&3rSx_w~":76680333369580,"GS3(C5HV$,#gqdH}U?":"t}$;k$kOByA:*SPv.=Qn1X","7iaR#rzY52SDpgc}qht!.h^3x3i$44":"(EdsZQ@x/ILC%5b28`$m_SK>85s^"},"{,H;WtOS.)jyoh?":{"|7dcE:YQZ{?S7fgE.7hP@<MP|VSe":"O7{U;TdZP}#te0M@jBrBlybQ=|cTB(/TwGJ:5Q7X","84?X$NkVIa!i{a;lSkXifCyhK9loFznsE%xB":17017211848827321939333178868110,"dA;9p":611608716677,"ivSCSzO7!>W$u}HG/D/ne(wO9htX1":4988171284770877038770734168093768524497,";yC!6Ed)~L)El?7$2vhM65":22885975974275029415492649840392180366.295277228928198832613,")E.0fvcLPwcEGp')9xn4q:@XYeJ":false,"'2=tx!yg7&S_)ry>8{L09|T<":"m=T7m{==+m=c","c#JDeDH$Rd4MzE<n":"$!zwB*",":}d2:y^12})vp~oYS,5i5i)Pvh#RZB9/|!&GxB":"$?Z{{ql2{J5L^zJ)>}<K}`AHiMQSz:j_}gm+b9V.","N(e7#k{oHr_Zq#c":1080076750349922681575418013887,"n~1Dv=yfZ:=5{%x2+ym8F4X@x'G4<'X":true,"_k":664518,"4l'W?vYq}5Np&su$R(:u5/":2328502845844492396591288287126345,"~,g>oJUbgavj5o6l/.*U42IN/d9.qlIVv/(M#":1338062467885,"^8W_6|G,U=W5Ti5>&":84184180709478,"dTexS(};i)":"Q?Wn","Jf!dT,mr&7gZw*R>QPTuK'L_V|,7NjQuA'{s&@>!":673531999548158142588184708.712537531,"U9@!33#":93585398513766148282820888.240284855805860364237,"Ov*(O.JP^JhN}_quaN}!:%i":20022,"CiK":true,"phCd5#CUo":true,"hb;*5Sq4)@H":true,"F`z{O$dLt@C=|^M:dX&56YdrOmC2iR#E{_+":true,"l$M(l:vkP`{xZT`=tE'roASHP/0q#k^>~W#^H;Sk":64788334482636067462703929179259.8708449702855,"gkt,Jo;KB<}YN":7538848763199851622,"UZ%M2dHG":false,"3SM~t8e":false,"i@^~Dus|!imjf>LUKcPv'_KuxP4=:GrS{p5O":"9(0?qn,3yML+p","W`uR~5k~T|q{}Ks.l+RYYYZ":"_JkFLFuE|","v|4?!^E1Xlhkp|":"l","F|us%rGKA)EEntQeY17T,0|Lt@8t6^J'ybSYV":80330387816886689053735684102871326834},"TLSOKh":409.30876480247494090159,"EzmnZnRYt;'E4F#?b,<|/&JZI8s><MptCOpY#j":{"+3=.Ai":false,"}!Cbw}P0i?o&Q,k`*^_+OuO1|ON`dp>sfx7o>":"cRBD%n=#>s","f$VYHK!D>8cr":"n$la;9TBGoI","t@@h1>4~V>l}e,3rYX<:c/#":70964610703454712038926653,"/":true,"pGA8VjEI8@z":9895602134149738355.38801,",ez#/q?":85778565791247582664370468117267,"S!;F%&TGV3O|q`":98858934581838984454880,"8/5^J>pN{'p`2fMsTNC8xr7Fp89j)j777":818998432815826904182271064054.1128397118216,"T~ExIlcn8i?s#5Z.Zj#'gt@f?1:":false,"GVop>`)Oy_.0SRyJ%9OL0IS$9x":"m5?CZ*Eq@o^<Z|x~wvo$r>W7O7|O","M4u(vQ":59388666365866977993337674.78857584960492631,"@_=kNKB#he3.>@HJ%*1k4'{u1`(rUor;o>":"r>UqmXXl","8txlu>tl":true,"FnNOqKw=%":true,"#xK:q;l7nM$j+AUqhrx9Dy{HF0g":true,"pJYe;W>SJJ!5zNAum}7,tVdg":949021388420,"Q2Q,|%XC}cFGy>($":233,"ES#yz<:#":">:=FCatAN^F~pKXjBCV<0$goW$HM","U{g8=}PF8}}:AY!u%2J*ieaxVw?p>WWt2":4,"M":359522956890117992684049344818211577.8630092208272376,"<)X^Sv?40V@rZ.z9lxv>vgcv`D)N#Ayb":true}}