{"R9M76&m$)C%A}vI+!C$":271340,"^Tqe":"bwg5)v_wDiH:cLqy2'1O","c!`r@N,7Gqu^=RDeat`":[79210672850715200.813,960,2231885774694221646423,".;oBx.igT?3>LjHnqYi.X;!mmoMAi7q0@>%h7}",6655909038805577985880097428508.8771272261880627906726108058808998096212,"AudLr9}w.",true,"U:rxk0YMc~YJc<d8",2335.27238404031913489802981961849534,4392069082591,true,true,41.988883303948746640153,60576352981721005482507836188828431284.12680841090905159097691749683161841,false,"V02z&gvmXdoDJMy^)GYhN0;.tPzL6.UPeLCLym.'","rtwL",false,"{HCWgJ/*TG8*NL>^N",false,485072889369627889053748461681805,9887786779256890783,3789878719082.3,"n!$",6793370443878801785,"W/x%Oc(3e8.Z0S>TLPXMUgv",false,68609595162848481880411819129208188.63599833826103669861127259,7054788866838801394168951963936.2,48896209442327814560527,5993857378,"#E0*&,nE&9d",7],"/m(/9CMlI>N_%w^1ZMT+}G:|=)$y#":[4019800895371989308692,false,5076082156668,false,687368266401898712587.814031314847874691958818284],"pT!EdA":[true,"x7nvb9K=0cl+fB)Zd8RN",24970485933883441879806,"Y@NfLT/)*`",false,"gA(6UU5yK)^?p~@MGKcLr>'!vITd,*2",false,4822545.998889373673390353727836836467548144,9273836983578,true,")j``Unok>;Lu!0",2310153.9607563848,false,65058881264688728418037263.515898637969880743348182186896697858,610558585321515692085963813061387819.44962267111790298412618926633801578,false,false,13790859046981280540.29349,true,563.8495363088850188,3355946.6216093389654826868164304008738247,23382185697541966128101555929884,952385026299559398168626700878,false,false,94615258695952681888965899654093594.3207207615999878695586,false,91877142846845135977266645968.4282439681688795989588367,39546927822878,true,"PBz0DMWUsc~d:xiE!<jNZGWRA",90019123.78158978968,8593133886308.113536829845037614386898695404284,false,625238.781751839687,3884333532494415828738787305839,10817950091817898581682010563972]}