{"PRofal/cMkU5_Dq#'YeFFNN<~>l39mM220z,Wj":[true,true,27056482885877180003758501.6611912831,627811393521279194889743,9113678782204083946891581839784.1545642288776980399172888848,"*,3u@WEr'sre~*oU#kw)@T2b","N_pEk3Q4",true,"MR87k8Wrvaa`*hnK47a*/0RZbE`z^^}2",false,4851188],"7csdY&=JdCPc>KE*LPz0":{"Q;tZw%11P":1490450988119490012180141351488894,"W`L":88408.2336433227594542827914389,"GqWRq1WFJ":17660,"X/_)#OhdSbOzMSQMfVsJlDYNS":859482774391069856268207968021,":>JdVMgk}NI$ajMAFbhYR,,A%qa@'~|u":"_o0~RqhYK!uB%&*aKOVJGvvJpmO*.vr+nn'5wz+/","3;r4i^b}0KGXyh}Q##L<e/x!":88198839099846682867186304196.688985990892025934604884687677873874974,":U*:*$AE:Zrxvvaj<;&ruToa":false,"F66pMcG65;bktq1R":2378688889808883020971486518283237527,"D%<fr4ds'qWkTwPeU.'AilAs}DB>._q&jw2":35798836226832.80543894898588004118,"5JHlK++pvS+1.^%qoByX%Pi@K&U":3858872952673099052332059979.92833108588296841687322712588123824375254,"xo9W&j+R@JKn(kQzpx!D3*rPzulU":"1qvxcOLRSfUl/Ay?dzfn","HtifRz%!T*":1448547984857888888,"Fja_":false,"s.CKn=joB1&`IoU'?=C;OY>6C*.zofxHC":34639615539821489166645,"*y,*3hsybcm":75944028895154,"A~)5B0mXA5=T,Pu)rs<89iWRyd!G>,jW4":"cH+.>yR{>|:/LqvI.","M3P~P40(*8`":884675592048184284708127141.480685711794930,"eo)lkfXN:5Szp>}<zNeZ#qZ_'}PSAc5f8B~<oID9":491290122616768345528.238592450803076286519,"qq!I%5)R,yP.5:&rUa/q%dA#q":false,"f":"PP!`Xm9me>U9%E|vm43X;MP","_(O?wUr.w8lBdO`4f13b*EP8z>#V/<=~":true,"&OPbGN&ECW@#b!a;QP1o8lL2QIPy~zG":"wQHX","`Phx(nTXum,B#%^~)>@$db?uKC<6w&Hj@.Cn7":".wn(S!(U!Ck>Qf#0qW","J_ds=":702984218,"Eo_Wtn@+%HE/{JQtCU{hrs":false,"##~8SGFcg":false,":1d<rb$xne,@ipjaFuV'ZQ/dHO":5959893213894358813798687887754986726.9585746508326501889146996862875426,"XxPAi797jvsg4":true,"PZ*L2o":3225136688876928955673110123840099.53041918047171144179282285315,"7&L=p+flE&jfR'RI^7(2?":true,"%33T=/PQ&S>%6DuSX<xsHK":1802584842,",<|IUHPL::6B3=i$QxkZ+GsY5?@|T}u4~9M=*":719885041860.816493,"gG6PH!D7HIaUm4E<&)m<&O6(mDlF8MH9K}":53859188057776238632580452243329131164905,"LCK2D_v%uR":"+#n/LP.8<,AU&?'`ANC?LQrn"},"3$FAf/Kfj}#kB@ncU(ss>#6":{"*}35M};6bn^=(%Sv2VT(&zL":797538392930607273380793082898123,",+9a:yTX=":82809648,"I/(#IUN1G+`R;B`,=@9s>X`6^yyB0e":25348818908878515506812291604.1755628383662384142418,":r%=^'T%":"/XdsW,j56@4`Xi#CW","7>BbyW":false,"#{^63V%^Bjf9U":8.712275,"UzvRl7+I(o@z0^0hnJ6RqLA)qVy3b%ObO}C":false,"8wyTYgQ":"L,uYmpsTn@q7vs:#(0*&=LX$DGY%XJ9}s'("},"PoPuVD0<xM29s`XJCa6%SUHP=a8":687879547284905.86566436623752085889339765367668116}