{",WGxdU6qO}Ij?Z{{vAk4/2$_D.":576706368248005267956,"m~lr1":{"$m0wKx2<j;9s?8syc;_b,hu%M~Hd#D|u>zt=q#z":3432209412138.93084591604,"rEULI_GRw*teCdJitrpb":true,"}Ksc":false,"5&UU)<hEkN45gDi_?yaHdoa!P>EP(6":328383285188832469168990,"7|t'6BrelcaKMugPe*cF9g_gsKkLi4GzP>8{Xkv":17188699858,"@":false,"vy~GwV>yw6N45&2haLmUVpvTXOr(1!":true,"||~ZR?hCtnW5J1S:QchspIJ^+b<evfG*":6511212864.786,",ln3Uar2reQPl=)%#/'bDPabv.:);*b":true,"/;D}/lzy'i,9}:zR@(H":"tyq%h:$hpOF|RT!hs.5|,","jBv?.8*B=vS<X=3'iaaG*wf0uOa7r;":496898,"S3TrIpPk!`VcXotIB#zRx4":33648847543102678880116859798020296.185781656419851095111912103,"qYfp^;*A%p7l~%{z9s<d)/0=L":"$kXMD","ClgK=7Un+716sQ0yNv4d*":true,"*=L{g*twe=OkV+1EG=V'MwEyjLAeVoD&MI>l%|4O":true,"K4TBFZ":49152873646177603597695.60126288077583894941559628881,"del":"VnOd7lM+sqD","%a!z=w>0~J!B7_>IZKbZ^)":3401819220422841470980602046231179476088.41687815617973987589489394502966946,"(i<&.!Kw|d:Hvu":true,"9pna":"5CcV)x4xiN~.E,@8b)u)","*2QPFMq10_4{YYw++VLR;Sz7_2TL6#$I9MRg":3.73659,"C#~.0Qy@+iy{A^6wl=b/(U^qu4p":89098.551242109,"bnl}2|Lj!hPadQ_)9,i;YK":1961838386,"Wbwvs4":6682808883645.8965086308183722142841,"jQO`m4":135,"C8@$G<ji8o@":75559496925331352141536.920890688088859763,"B/69<pH9t&G}A+tbSdv'nm3X":"/|b|b.tlo2?(%","Ug":908089652862382732496784421,"|&*q03V!@Di8yt(6Xzl4D,NUD*t":false,"R":386985381378651052856244702603373588.90785558493513168783094459,"^xgxB":881617485826431178510038487,"zq`><n19}pO{8fIKwp4xl.'ll^pTIP":5198623694779189179954588},"f?t#C;T3t?K>r?kAU`h$6cTh,":[43935241483257049395808488792078038487.3010542159185007359989797,69782398,")(vX(I7g(~=%uV%eE",528604878206363894,89389162880179.1,"gu=SJ$XyPxV)b*",728397278399959893847900408822812709,20454405388727636881135053921844584825,2578854058570213418960644.32746495151,708687283208.27788489338003970352864064988403203898540,"fR7|hM9bCD$K}H*m1=QlT",false,7862435645814407926827707614037.54,8034629757888]}