{"!zUh?POa6":{"Ad@PY":916864980728133933101870337035.4092853956380,"v0xH{Sen7Bs*oB%WG":"pJj4!g^%U;%)L69g","ulnTRZ.O1q|D1@~GwvL}*IGE!I|nhcGp":41132393108485650580209048634770124358.184168428462878534804089856575,"Y6nQS_u`bYYu:tO}avsKTcb#H1SnkR":88848,"W~Jn8XazVhy":false,"UXqIxqns}M@LPw//lKA*'8o#5:=w6BF,D~ScPO":85503148992285310,"9Yg1@T":false,"!/MY":2529305831320949563845052.8688,"&FiELP0vFrUlCRS74xB":319244425.865147,"yZv#UhW+i&!z0Bim/jm<'pyO|WbZ_U":68692841844439197581243918307033811066896.1068240217201886114,"60jV9":false,"Q,Ht,F?;$Q4Y}efZr`*W5Qu`ix":"Mx&Qz,FaH@~c|}sqmtDx_X+?+","Sl9`mP8!)!&p{i9)#eJCJ~R'=3f#m5jWu25X/2":false,"X!~Psd$4D`!7J<R4)&pAU05~UX;{L/X":88219900.21335,"oo9&Z{+h&5":269578686989547082780436258198032832882.1880,"97N`z^gXY3I5,ie$9cPk*=.0VVGP3SEKxU4TSS":"/9L5O4","l!*lUv_a=4.'9Ip%zK<p{TM":281803837542089244029180928.28131538742257380498848538003110198629,"R,{q,P_785'eNO)<4/QdD=^":20560348385802427682888649,"t9FBiA8j=Cus":12232115409638688584,":xFR%F*MAir":60456074842094291459101286.5838739070545932281,"Ro)=k_$aG?m=OUBkhm.M``z*x$":false,"OB'd4Xo;L<Qw$I{F5MGil3":80648670611393117682770847888.787245814,"f2D9)=nW7@PPyf~?u6<O)uY%8WTJ<@":9903378282923384702828,"**en:)m":55618146747065639185373897566,"0Pw>#9),J'$vFX`5&uL5RT|pCag`D&tPh5":"vb3yb","$qktdfsXv7a$G6ygl":"Y>,EY2aJ?+<K'Cr06*T4QwFiEXE|gdN8e4","0":"!zdY","zEJgh>DqMNFK":"F1N7s!x(O2!dUE~qWP%YT","}6X>F*A/C8%4;=YqC<*/uN^=shGzYXdIYru~":false,"ME{G.DcuBrAAACR<2!`c*2a+F}P#s(n":true,"aU@BP>`q_krz,yik<tEodL8JNB08.B(NJ;,_}+/H":5215288379272923087863384472267428806.6827189,"&g*b":"J^=;bl!wZZ{DJ$n","'0P.*`Y7&h(GUbqex`tZ":true,"6G}l~Ps9s2Yy.GCbOe%7?FKIW0`?K:2*|5z":25968636291478843727957.618833236887201235970617560828873021,"?*jB*{:)yc<cYx|L1W{%L}:d>ji":1784138954822482227541330249080,"k{3^7}(!!":28561188441339914527406866854731868262787,"UAZB`>r&B}p%:E,:e#r=<PIw/dd":725988487572.51631,"XTzH<bJ":false,"a;":true},"3`:!>VH~kvR0DpM.3rZRci9>sU1(?:y4'U|HN0":true,"'G":["7=.w8rXIw2jMu<7/,jC,T!7DEa8L>*H!ij6",true,true],"AR8`L3?BhG~*.{x":["|%mfnoJN}J{z",62691806857022248385780912315402283240,"%A0h",900526.8987198079467036882438938693401,"FI.Pb4mX|_wI","v^;FgWL",58183831346,false,86213348956884888989882309854.33,false,3770782964932502928,885894972866298937626478382301.1862880866446459808728320462262255544896,"F{Wb><}mDJ=ziU",1139213178818721189134917.35645255,true,3139,28823438243739842903680889104214444629,24208582247660.64587917136266781185534249715190,859932592974.788,"&FfwW5n=$9(v^.",true,887125542426978075509,false,"_/G'H>WQ0Nk","z|3","n$,RTYd7k#.C2.!Z7`Up>Z7b",true,"'n0~rI_ZLs%mJg;dgg2$dL0>#a/fy1wKMeN)~l"],"^bJ=}a2<+JuAmi%`@jM8FuJb,1ZQ":{"1kw)jHKck5F_E":"O28f+i(tqw?H7@4uW&c%!!SS","6?vvr":false,">~eF~":4.419697556611,"1#2{Kc":"Luh0","RbvH69PlkbR.8$gqYm4nL9$ST":78091393086964362236866955497258162572702,"tVSgZ00Dx6=|5Lm!":695261883129518862104863212899960.3884360885258194211375,"cd":">|@hF$h:FeS0en_K;5/(?GJ","5U<w*1'4ztu#us*YB4K":368104892459805690088989.47389338352907967681219852882969140655,"05(tZl5nbwN^Gxd+,y~RjX'":"J?4aEpUsj1;sE/aTKTw","g>A!tV)7dAD":9713261856.730667260930955480596882836015520989533,"Z>/'1hCwVc~j9w}xt(g4KHT":496006954643672977891,"}9udo":86379785904.1363813643281888602806930068579819,"O{LXd#JXXm*&K><<=3ip(5IT6Aga.'yTX$gl":43880.88,"?S@#NMBL&/ha%@V":"M","}nw{o;(4?ISEu^w":5984,"!F.<LaID+;QLyf5$Ty(uBro)m<4T@?ZR8j":63562381818098867856.2944759079386008077231630664830537598,"EFL'xwOI<JX=.TD0OR":89257,"BN":"kZUtzmwNOTAdp","i#M_y":21790188734.2177,"1T;g@#6f*":848.222860,"W8<NuV?8t^yyGaooz.SLuj4lWSf?u":32765597122894688732837607853390368.79,"zls$NdAs)oni'dL`*P1%hmD#kEBF=,Bou":6481247088691818422084893837099192076889,"}7IYsLL`0.BFqfR3=Gwgw58O$KYGM+bxjI4GXC":true,"EfNV,uotZ":55480998643502830828716649344363,"xZ'8gPL<#~_ie!by'wEI^(.>Qnw+`":":/;","^8qz#i)_Gp":"umtZ/i6l_%g4H0j)Ut6@}A%}$","@sEfYvHOKo@xB_,fURAfJZHv0Zq":")l.}oUwD'N<Oi'{^)JSM4Zy","r5>B#xktx#&P}":"QwH?oay%<3~u$X&hHN_0!Ue|PO.s`#hX1",">*#<*":45851073,"Iv0'FXi)uo5*3>+zmi!|cNB+Lo=z#dTm1.D":true,"hzgk'r":759395772148198683328870.894086788303277310609982933949,"HyF?9Yr+@Fe,cp^5+0?XH^c)aHu,~#eL4mQ=#":922877670258035,"`j84BEw4F68_L7Z+H!?F>UT:.sU/O`1":"GWUwWw.JKM?.7.D9ic1$F0i*I2?u5>8o9;^eNF&","X>OX~`Y0}.tPa;U>c":908395337525869952530083221926.56216534238602656870923215,")N.nN/x*O5tQ6JoOLxF*)p~hQ0L":"6HD`DaHC_Wu=6U&uy*ndp0YS't50&%gf!Ei{Hs","d,.N^YGGx5<46`5SZ#hQYXvnko$Lh'#|:":263807576854174645891807.483703383343615283149543007278449098885,"W=t+aq2tIs8sQ2'D!<6(J!a,ZObc9r":3.86197225945907528632136423843291537,"Pwn4(QsC+H1~DsPQDRl8fsPbE7:Wx9Ei17HLMJU":true,"A`/Qq&mS0LdQ1":988115.30893228771816876945760213216836061481}}