{"~#.*6M*N|Z;t%diD4K?olvcJ3GucjE":{"NZiC6I(GB":3403689140427819526868326808855011.4,"B0izAc{P<BUq":"3TcX4{.K3g,B3dS23{lr(B`","r!}n#Ddow":2525823497531098428715669545409388,"N3a*~hboXO6)kQ,&8s=+/f!yYgM3!?.Arl!}c":1631988157856164570598177354788.59038678267183548672954966683175114888325,"Z_G;e1&<SeUEj":",GVE9d(EDv3Vc+","#S+v33x&a(W@":2382184115062854890338829,">6h~378G~I}1n<<C*48Y&md":true,"z.ZbTBD^unO=<VDH~.t7l4ks)C8SKED":false,"u":false,"h{@D<4.":"AH+>Wt)H@NMHN1,Yt,^z","1=r&KfT>=/o":true,"p+m|M@":"m&*?*'Lz~@gq,_u","If":98011247980657784753252,"u.Q%>v@@{`DsVI5mVB(@G":247768519461503256382819830,")?/QZrdP%>bEIK(En":"ob:JuKK%4Hi(lt6b2?p","{{WThzNsLJ>Y>LFA~TLVIr3ZT|JA~pA%hkp":933,"9t5yGN!":98858164716876208974860188243310180.283584268874734208851669303747044462,">Ei0k0ZaXh'kb":17308831681164858.163113257329,"yN$B$%vaJ/j":745997220748115171089.89112917485393,"c:S^&'^7OOX/P7cFcOQMFd>lcW.a=TN":"Zl@T<Vy^","{aEnsi&#<EiT:WT?aLQp.'iPcsrD^y#gso~f":false,"8Zs);phvx?z#<1.NQ`3Y=L?":"i'HyVD~{04A$+sh:hl0oI%wpqRX7}SdL{y","U#I&V2F~pUJUg(f(G>*B26yG'":29198973814877988219.698290482212551885302805,"i~mOkX(<7gI/":98731707224385487540678438965400125880318,"IguCJ'8k":true,"txEWbxK0J4Wq&Ni":false,"QFm}adE%:86d{L|o":"*phl|bt<c'm.IJM;@Y|:","XmuH~YcTR~Ie!3F":8873342.88628974963},"#)xCMyhSSSHm_|#dT5D=2g4zNvM?.b":[553078883185388698883086155278188637.6,"XS5~f","%wm*5`VaO7?0Qrp)j~0Vc/3nW^",6805223497608386161789888506,1043668799101957624141772829415413104,"#?c*@}eWQOPjvPVqz",58823847834685963073559,"(ieL/xovc%w*blZC.bR^r",false,618537895341661643468064489339799.63378925737,"+sFeJH95F)@a","AS=Urg*T^;Y,/#/L1wX?k*FN",4931310244389363838103612.45380644686358871821,812488288642.21672,"z2",32628877283027004836031537086,false,"6;;>vZwV#m7!DJ$P5D+M07neu7)FQB?.",15610293838135,886712830446807241898764414.948638609984853901160121945287818878549,27508384908.92814,false,470119568821,2,5169648752246538826,"h6&Kp=3+X{0&qrz>4ZuKfnnJ`gQR79D^B",872620062827852180088896430025135.978503103182047932103358391557227],"zLSBd>lYRWOuuxXX":true,"swC`r`>f`=2M<7L(Q":false,"~AbG=#vZ8vXc>Q;!kl{":{"F=Av_Y1%m":101983490574,"/Yu{P1K'RZ":654218422918,"0d*iN=T{7*7<XU":67762331702713138951200066927854968295,"EuT":815806478161189.686439,"5|>`_ViDgasjECjKapKHHf&cVh><?Wg.|.(8":89.959612874,"Aj#CNRawxc^y(V>&zY":"mTkZxM|12%=4z0a{","13dT8ul3${}B_w>amw#e%t=~ssTN6Id}iR!^2#fw":62645062378520152469314962106426401467,";1#yxA0v/$Fi!Fd|nF_ePwj?i>p_}<Z#)LON":"Mx4if_lCic7PD0nZnDLSkz9upcDN0M)qSs+tU","5|AV8vW|O}%,Xh!Fz3WrXxR=Q%:<$;":true,"uA?#n<IN.D'^XQ":false,"xj93.?)6m+|1>bO5#Ep6{Df}'e":889161783582808041036436341,"vCQK}VKk%'JZ)@w{|0{q":"mP.{z=ouey:KT{VQH~2e51Wsla|Iv","=|m,}LfF{d^sQTWFmbr&8&R!:hq0X9Dq":"vAVu*J/HPp{rM86Rd","}2.n?4uxUgIztf/kpBg.,(ypZ?'i:a(w8#U}.@":"rplOKNSkPoKVv?~WRT+;&#L$?b=g}f","+rndZW):f,n>xF_B:":"(d,#Vs2,WGGuMAb^*Xv!H","I?R(^NFLMp(0KG#'eM%Kq%wYaV2":true,"E}P8?Vc?YDvK":true,")>lSf#0!:hG4@K":";hFXU|C``FH7fl:/dwkWEa:>G{}O86b"}}