{"`oUfoxAP/J:IQsKloq|m":[true,4025031304497810435359662453759110,"&<'O4/D1|gTVra&RW",3327503306104674989291211131149],"2&Jo|{2Sf?%A+Q'Et":[2771858.85207314,8,892479.509808364885513876268841818,"6e)o{UG>6F){5d'7lMc",null,true,538,6994916708185888078509093087755822587,"2o&B)@iBE6<6sc&XJ",true,8736,80086232387,"sgELWU*,I^wZh`)~*2N",null,5832411789065244268198415764381,"~c2%$Ogr*eu+:c^qi0Amxaze!>X,;0",".TPcme$H/O@2jJf<f*('I<:sO/8:dIs..f0G",841117290,"nuNq^{Ff;8",4128891330387388813538529892723645.6472808330116045412188,812488559809489091405.4268290,true,75342683168204.88488,".v!39tf6T!774n/Z?9!1HP0z3<>~p`T.pw8y","j_v_Sb(J3gONCA!}9cS:T?4!bk@b",true,null,null,6885695656538,true,941,null,true,null,8810740110658393622535758667,null,null,"4e;/d$z$SZqkQb?~ato^4","^796LV.WGF?Y$GKuwU,`VGm",898881781783324720680501],"NYu_/,P;0v=)z)`/zgCntD/'A":693641601437336770630404853047.2598640262249964377871676812757321065469}