{"KsuUZ*`i$I8csFa^970v7y4U(dtGpIm))~":3292874294980682793,"l":[null,false,"yl(@a,$MffR0WK7K~Cb^K9Xb_Ea~d`QPLPU/mPa","k^)c?uu~=`b5t=l;0Pb,",false,null,null,24419277218158302678984851198169.4370843840770588704,8875912289883173290.988446897114592,"~%T94O6%/I9B2@x~yT8.%S","RJVR5^SNQ9<G$<8P!^GJ=V{",87428818800880588485182477,false,"NOu,cHYXRZkX2t{(tfR",583,9189004.330,null,25886468878381259640003.987047635013200766267524526006214693788,null,null,8821815748516429795332322466.7460965904681061009,905283851627109143746089298818179916.80241518392,177,5136948451168818408838887309898822.5781495269,8484,true,false,"(",8734384,416710254126418368532728277100089245916,69980459581934806588091811.4519055333005089226333682065691548063,null,5113767214229235.8281038101,"zhw~5O@/c8D6#=6an4D)NrV",82853245809607725116888790948156350,true],"{~fWe,gN?tfsM`y}6O+V:W!cWGbF%ELk4B6":{"JQy,yp0":",vbW|%<k/W2s'DlS}9(w3!xCk9pTK!z","rlb+j'6eIURGn7D8hq!U+rF":null,"w_4jBy~c2UUEgC|.7wu;r:`LCp&e@*tz":"fU74avpsn~&0Uy;Hzi(L}eriY(","x(A":54226823219177896731613833806751171868615.961082898464328504,"x":null,"7'J`>UF5lTw}{^f$r4i":717284681684848.81924322014,"x3:2lkTEQ/r|dI":66352434925682100036.9095123138298841938388180757456858470887,"oL~LIf8HJ:":11509875092068354027,"n6>9/2VNBD<1<o9_*O?UKX)X@q,Wv{Jt":null,"(vd~M":5608401088912204518335285492975203.9283976727574039606848696686592384086,"}qk#fF>TRF&+C|7tIC&SGQX":true,"jV`{B0xvdCkWd/UxT":"q7mgd<|jEv3%ve'N_7J&MN/05I_QrYmaMO5","l=Y1ykw,iTsUlw.C(Jfi4=0":762805463,">&f|L":24825,"FpNC5~7<2":true,"6hs9y":"#z6h|{apeY@#)e!,n/d(ztXx","A7)7'T~}b":null,"$((xIeyH<eKsV.UC":true,"'4B>b1$/dd+^fEDuT3$0MpvtU`c>R^3MVFB":true,")+BIC}V":null,"3uD:X2IN,A)G1_}f'7":84702687139013804.3788574326356651610157035816688641753,"DXI#SVkf*^l0j%F^6{lXbPd=WLD9c":758701998443197457247849458824.2661607878463878073143,"*4s(l1U:Voi5`5uirv7arf}r":":}Amr`zJF:;Dtr!Qx|z",":xZMvq^vKQm":785842003898.6580157447459221562,"/un=ezd5{0ZL+<pq6oYMB6EWBJ":null,"P|>(L)l5Yb6d>RrsM<lX*|$Q+oJfsR>K;b~d@R1":578718,"0A^3gxlU)S=)&H7y':?#1`='`$":true,"c:{@f5+3YUzFYLlG":false,"S{L5hS3Y>_/#yRWeI@4,9":"dtI9xL%eLf1jxYv+^JVw","s%g;1x(I=rq:Edky":656882243827488801969100585502,"|;lU;UKFj{SPi}":2810797091388680514,")P'4g#MJuqn.:HS&oah":false,"y0*|hXw$d1AB#NG3uA4LBy":137396.580467289751389,"5R8":63023258327481037233,"mPN#T^DA,jy;A^":null,"mG'9y6}zJ5d5?%:@WLKXj0m)j":6047883218971,"5":5200132074184383478418659905483,"zLcll#R1'C9p2f":80586420355528784285570344470.23179940697726324,"dbLoYPjlm*opVc/>V)~/w9F":null},"zqPx_;i}vnw":[false,true,7699751218619717501589029416968389212323,8788884834877351282825580812,true,831630977417639855,6580788098804461862594719422982,"oXA^.FRxsX<<8.lh5nkqhD7:dXxo_",false,"{t6HYa.of@4so@YC$Ec9'$*@664Vr<rGt",null,8.2937053120870081985,893595543364353368871846613275.793189134134,"jB&Y6?H8Z<!qu3iy4tOMF;x4}4*`f",":5~Jr&O(omwvv++=<8jL",643.1828065268285863358801885838999889908,"<3p9{","MJ_AEg5:/m5S+pm",3803658333995487018082880,898888911887686276111678207795305908721,378073782279005177.868869510789536798864097584868697088]}