{"48q+9AlJK!?_,lS|T>G`":[398311848,null,738957325872690135528,6723894343088206589722,19336259389.86588067144333,":*Z50z5DzX%r3m/l:Yor$=$1c}M",false,302273318494895778560402845823343815.45371337053,8460947854672588598203957536263035117639.338668,901490407898810401494362038518.4578681,true,486080386122,"Y.Yh%yx@!TWDl7SmZS~:{h7Dzx(z.oWM%02nJQ",726517670850384.3012088005184516748465,true,2914.3912,"Q9vTc*dJW",618366148807945.5369704,657323318739966264105860308.37853825834925748143578819383167169842326,"3T#NA/pYW/=Xbzc/dG?^@t@rb/:",3017088731662949768484836682550.423861370668589568589579564,38674838180129236.32744701,917939,null,"RUUPSC8(O0wI/EL",null,null,"|9Ol*VB",18533511658848871083350036922043802913],"YlB":78736985658738503,"}kN{8cB8,)ob:Rm7+h9rTIlk&$":[false,"AP&#r68V9","xV&6&w=(Em1(vky{2AG!J=R(?%omIThX%5ZT.|","l!JL+s9;Y's`2W@p>Z{T>y{Rk",null,58012893039742,null,false,true,5968768968941523984298288941836850320.98,137815986902826082956178948097,false,true,2882929597965761412327137288788851769708.3,"J0{rP=/oLAU&.A(_<@}c",true,788409517519,"l,+FD9asg8r&",79213831801626024870367690426185.1847283824728235519758777521208817670,"+H3<@",808503681,548.853643031641442654,553983454935707773081831.35,null,"|lx",true,"&t+&F5Ts6,,)HF",true,"UCD5*efL",null,4830285840405538963619187008299447552159,null,5837947271885018797183,93970716532858321435670728016821971388888],"#BMH":[4459082,true,8383465458848020149066249857.980459482238856752479,658282167,null,false,"%CQ05_'FQn8gCV$bVrgsUbH0o'eb+|ZJB!",null,false,"*i{qb7*PPx00+Qu*=p)0O'gp?0RpRWN&,",null,null,null,false,true,60342883352709758905718949181903,true,true,"?A<N",6604827686186207210598076106887763570033,null,"&xX9^?FUMjrV<<1<as,Tq=l",false,125918188.1378387180408684432781885087393191674,"<49WqqE:8>2f3,m@l&MJ>4",null,18206403.20208725,448363015423386026173378894445471883016,6237288598580880746998542748651.95283676267081927391913028260229828751,712.558,"z*ske/p2%u",true,74538088481889643044258338303879583,"Q",853986203223044884885696017.92811827940692840344695048516429036025,3094808731124.92441985572486544293028208138600799,2411625410338369479743749580265263465.25488984161643104578268914532686138864,8806,436064417939095609,false]}