{"H>5gVJ>H'O=1b!,^1)G^H%!${QOeG2fbO!om":["F(XBPZ^lNJeEd76rS&62KHk|./L{0f,4SzLjK",true,">TY)NT%Jsy*KAnC7(*NR_1$fo",false],"W5LAZHf,$q0I`M^ehARf*z'04Q$GV":{"pkxZz4;E)oq0r7~`6._QH~Ryyt&xB":true,"V*IUEV'O@y":488718808258513277,"8*a@O+sc":false,"(`=%DCIE6+)u1~~cxQ}nb#{;em0P04T?t?V~az":74945793807076966787420351862987007,"&5":7780715.89383808084590027351344528432,"AcIj&@AW(=dR$)WS%3&K^y*h|p~?B2T%@8":true,"@K=O0CZGf6,e23!j#xF|ZVj8Wzz?jOS/=Fzy&P":448548978620098.9538388183712714358484819376640207125295,"X}}@zdz^br@+I1gH":false,"@lO#O,astfG~XZdE~Wg!ikqtrP;'X":true,"<_x2Kt=joMUBLl+VE":"tbXFW+K~Uer|EO6JEj%J*hRXSz/A4.*fbDz","m=ijG}3?2Gs=8n~jRpSCy?#&I!Z?7T":31116280384213019843188988141137874861,"wyiU=.AhPTwU9e;&;{rbIQVnoym6zz3D":false,"qnvd9Gv}":57043,":N@Y6":false,"mp9T!iX*cc":true,"=})7(5!~55>BUCv;Eid1RBkZGpps?T@v=":943727694119234081549.54538274057580326627,"zp":"W@_lp+!7~t:PSL&zcmhu_R=","#)ROUI@@cw2~jPyI=}`)n5BKY@8#^":false,"WI)hT3tf@%9":89254075503084567231012958419879661,"<%D.xURLao.mO<pUnuGyJb2at*qV$DHU=":52517068237045586880514784222826202140250.3640890047,"+":"j!`?/&/pCL80+&=R2&f@<U0$7.w^'~bn",")$~^k":true,"~Y8+Jw%K=;F/yD/NP|":681172353746610982.33849650232264387578480384,":NRa&~@4":27777876228885368381767422173192560.2143945,".01R38Q5r7SqaCh:v%;0J_}1b#Fjf{":12888,"?Z>|gIFXhnM{%F&bZ7carC2fEc":208.995071161104131832024244},"&$#'=>#R)Fsr":[11632580,8383289384908934069567388882033.787678873991851977063916969658740218391,"<xP%!5(s&1A`",3383470168,true,false,23010681985598.83181052064851458085361128681,"!*","HP_=k0S5A{Ule:NtSAQ^,Dutg6T>{L6p6^Al.",614783787269850702723603835080.46109886810482527349803196,true,1041342366034041793489872882618252.20820884183179422390845804,86898799328811334892202,true,";Ed1","*ngF/,jB=5rZ",3182553699599194889804058887033857.24040036186618783,false,false,88853199990230873862840446305983614884716,24098960880653532006042040.1208278546890174742370319627317433,"H)T>Z2Bph<x:cOxB/uzt8'0SUC30)?",true,false,"OZk,re%ftn42D8b","oNB3rS&;Fa_aT?63u+vPC/>D.?C.do*}&_E",383332608304809445101938828.987,341864857403224094596,true]}