{"&t)HDn@:>keW_74B+Tm{b4:JbMg~;==?Wd<0+":["@B~7|O~H%;&6a6K,/l:/lsT|lIm~E1`bz!:/",983839986041863229879528409894868783144.6586702862139044780726602410482,false,47,false,32,true,false,86868304020718618448,"Ju0Np5$",null,17830533438486811227790506961466,856067380511116898004849020463540599808.1946148270082298181227917203342131,522063807991018659.582773823182302788614482735,null,"&Mnxje.(ge@%Z3bGa5F(O?:Ol<dYZ^<+Fz(u79::",false,"/lccIQ2{p/4v6#bVKSXXM*V69_6s;",51010816185710795934888883878695058513195.3834529020003165722315],"ph*'Xv0;>LmA5RSY0.xT'zLjx":{"JlLc.wbOmuug":"a)p,7BYy=3EpCoEIIgcT:","8":null,"!N5+wofhz+8%ZzY5HejYh8$Yo:}VE,ER=Y~A6r":811.288514273885265,"K%@,*D9d|S:EW=C@hxNr9G":null,"c;Zb+@~NrGK":8861116688434810583.273725189682206513789079582,"=.i@Snme.2tvtYvBZ,IdwhIjiH^$G;K'Xe":871834213682680688762384797075988,"UlJdl2<A1FQv*#&ZH+j2$QIZ'7).^1.ct8i":null,"g?BpU#NEI%*{KA&d((9L>fgNFg.0A?/m7:R":829896983496488578966872487.453843653537864276433973680856051831,"Szga(HR5(0{1R.eIQ//,1r)iQy/}":true,",..>w)%eQj@Wz|q:o":true,"6EfD+":"oXZ@ksMUAxTw`P_MmtXJrZg/7TNQJa=$'","E*nd8Z1q5I":7815,"4I=<Fs":74290668413452294311714856669.55880363971295149255770837,"DW^h9HIv":true,"fJ_}fI^s(Pj(`":false,"5v+":null,"x;~^$Q":null,"=!EfinYbUIM60wY":null,"70zc/&_a!=1d7k5ihh,93LgG%.?9LJDrr":null,"HW2p'$KLiZUC":true,"9`gAwo._c+r4^/QF.bOR*0@k":135889590177738379755251575770050046.89741111478812029575616324318417626,"f:!vu51j+":"Wu_e'_Ji^z<*BY>*Vg9#sj<NFg?q<ZzET8","XN+ATx(o$":null,"@vF<@IPZcC~fPDil8sCqW6~nM":68.62807909280607621613957954086475219814613,"^|sSs(rV1":4988216849524406.68,"ZdHa%$uJl'8Ggt@BhQ~2)o%pFw:":811308188496532877328599159437685769.73583893011582991,"j`U+Twk7^$!s^`U4oIT7OVi":386457220028989882991660287847,";4NDW^Uz8":668844454838.5184392149866585100372850739104737,"'~HG'b82hd&B1JWYSjg`BltyTkC;Wa6dW<=U6=^":"HA&uYg5o;PjV:Dw=w;VrVAX/)9ar_Z}m?S"},"G6k":"bVED&+gyimb.ow$"}