{"VC|Bppa^),S,{cBnw_H:gR&#{o?:va/o&^":{":,DCb,;b2IbRYyr":9424659647909680613063874,"9sSiZN4<ZD3oPod{_pk{7Vr":",_DTNa)L**Sv#}@4rKTT*F<yFWj","WbR0Nq9c`erxF).5:h~cZzH49<$DWGo":false,"pywnkh#1V}D~<>307rt|n&'T,x1=pIp&)KH/)M#j":48089751216918751302707482.267659411040378092611739011884890417,"W!Vg?_!fR|<Y{WzK51((EthU~6kJiR;}":588796592197097713820488830152,"g=)SHU~":815169214.267},"J{.|yrFI_":{"fqUv24&sb{k'ZgYyz7`;Oci`":true,"xn@8_}kvN*~TB$.#l7<hR5:~J@S@6yhw3WgqcA;":true,"~6r2":711284354709118657215186287595,".nfg0jL;Ze;|V<pH,uq|aI3>l(pKaL{5ihOdXL=S":true,"pMN.ds*+ltYMY6hLGk0E5":"hUw!3","5<Q8tH}aw&kM.@3*C05&oBxYTraC,Ud@2S":8820560901781384824589742747314287730,"cyNG$#SRrz@nFAA>k3CUml8wD{gq%gWu:ZOZ<vgi":55996532531166290.8949768222974618702049586887686582589,"cP)c|<W./`t}K}'g}r39Q8uOXlc@":302856245794596302828248360160.21488662775025740021792061249580,"O<!+3fz'5y=*ymFM":35791137853589532067733480.80064,"AET#_$P40FvC}Q#b0I/$":81418866681.54,",>)vo6JwEHFN":"{:IYTYuAB5Lm*QsQk3wu8&xwaamj2&9HbNpK.","&h_#SiVZBUoZ}LMQ,":7315803820885,"T~tXlZsFCO;Nz#":"b'vcR/F7r1vA}|w>","?CsxHvrI!T7QvOHOH{U<wQXy{',":1888866683008532428856.4631072523793823613389,"=p}_PHfLj4ub1~E8_/%~5sZ.mB4r":true},"M`BGBM/1sa1{(":[259336719753870684658037437515857,true,828028486893,":*?=Ax68y;i,Ya9kw)<y~)D%(G_^",390756025958936848005568,"tfnIqwU","rpnu{XV=m}iC",true,false,"UJ","M9@POj9}I1v8qW,uw2m",382.488608252323372531383479020353,"2bex9xPYSdeZl^1e=EIm,",false,5460875754399.116002780765668443783,true,3180,6610944865679586.87013833494398162435,72028737463533363208985211810.13772395459618031175,99079868534227855185661013859.799258878862354403442478981731,true,false,47763558555697986462811.82382863405502595877192082,795312.7119224188926776103681412068597023119,96517290967079907881598935246791853,true,true,true,false,"Ex!","N,4Zv7W`z7n)no&SH>1$",7235.67524893838578422568906884848289702],"I_Fbl=4VZ":{"b)+tB~m`Pf27":972568124276868783620,"oc52Ev76:8yn":false,"o`u0^!(R9!xqIUcp$rk/,I<cL":54931,"ghofP{~.iP)_E":56068818,"3n,F,`pDf<dxWq$:NW":true,"Q9e|ux":366538040412345588801448498663.6846938605951248565210669850,"wRA#eWkutc*U}wWZekyIyQbN2:R5RKf/8Y#=?&v7":9609415787899949149145,"!CMs1zkbMJDgQ.2zLu@2KRW>Ac?16H!":true,"#(l":73331196188650.8578718417828994443581503,"YC*g}mx*Kx0n4EMa2":false,"ywb>56'5oQ;F9fq>0jXs78%8Vm":67273385033245088084.650549496681,"Z`p`nd":72,".5HM0!ZP*B:@9KkkzLiCs)uw40qbz":"|iAVkA7CO'6y(c;gOF:!>d","Rl'E,x0+y(XM&":134991819893684939316682998824876226115.89695,")gw":1206469276082138132941187270671191951,"Y4IPVEp_J^$R4,6K*<Wu{;1~m":257828880237623527563,"P":false,"zB=":false,"sV1%X@kB:nql*3{BpFm/s9H":false,"O/3rroP3oTSXD":96057083177870378758726542973488.18622458541982503885915816957990,"oHABuDpbXI`;KPa**":18327111407208893743977,"Qn!Jw=0qMJ2wKsLF+vW2":755911588807208890758682800,"*9Zy%`@HmDPxb.gCr,Fp8}..1M3B~#}vx":true,"A7K$qJQ#nbxR1":1728.388278363462545413296278711803,"zW6gVi15W~J@*roK6~":"Xknk"},"ir>,GG1XTTWqD=vU4*9'^L7^WH$h":{"'MSRXr/32|_p3~8v^js":"8rqz~`uuH2'F,fqDmr%3K&Ljx90G.rm6.@n","W,CuUr/aAgKdw1R{w":true,"?LfJ`tH7*(x<t.ZOd.J~(B$.K:N4#g_":"{5Mm!9FHiiKg*fW6*yE"}}