{"sbqX":{"|jZY=|O7r7)!/j|;(":null,"h?b%<&tc`/?(Fu)@D":22,",q;7(,Ty+RKV?rI4^6BbNA+zQ9baI)o6":null,"{o:VLwucI`|4{^L=":920801231483359,"1b767/4TJDznNv=={h!&":3038393338175138910862363.81,"T7cz6=Dc759)sMlS7@8(@v7":null,"c0ryBOe$.`Ah(<Hs+oTdZ{YYF!NYE":null,"V19tr|LL$0Ymju2=vAhpEwr":781253694491426075022677181245,"PR_`MQ`R4ah@IV'pY'pj:6dD#<0":null,"*Gws/DNsr4PW^gEKU=(6L6{WeI%z33x%cbt4{,":81218,"c1<lbY65{iE$E+fwk(&":"L^qknq~O(o;Cc?+U'Q{q'pHj$%,!/LbVK8","XHPjH'';~}h4<MW6swi`uu1!iVh":8649077289082477788535354713879502457,"28:;snd;W*`~6UtR0h5aH|nC:BW|Nfsp_P8":"0t)o","{T}7k%X:+!U0:^ot36v`T/_ztsF`":313148570416156,"^WWK=AR2>":false,"&?G":3931492875995880141880244,"kIS'6*:C%;OC7G^vhLW":2696975447986018628508133052261.3025235835099304154505145749,"JyzL,WP{+1vVW+oB2pWt}e2!":null,"^/iv(NR0_d2f#}U0YRlcMAJr":true,":jtAeDsDQ%H93Mt'/q}l=pX_vdvU%pOk":9505584565.7946884145230228979538859584189348879827,"PN@$":"R","7HQ>sjC^<}T1eOeC;Y3U$D9I^j&":5344681592334443999391711050826064189.47895872,"jHpcIo&H$x&H&JA":null,"lsb?SLfjx:{7mB72h%H.~On_Y(UN10/j^6~":42907758973883930.3719586819850097789890797619,"/$mn#QCY{pgvSe&s9!&4uY{vK(zI`1b,":null,"QBU0m,N9JW{}O4rv9*#5%Jq|hAyzv!":2842367077763835340804184388538.61115938851884419552603669478122616543,"h8|Y4Ka=qDLpBqWEHtGGf&{":39025530,"(p)e2'V'50c=Zy$e|7xnZ)a|12<Jm<,sg1":5113033375281888,"nlDt1':(Xt*1GD{?CI8mC#hE":null,"$:YDg=bA(":true,"M>.0)8Dw^FPYUI":true,"L9&kO97xKd>`)x/Vu7Uy)~D|":true,"f^(1qlRFVK{!RLB`:mcho_~N!o3UgXnky?<uaQ~u":875963296821807707739646875401028511,"x":"<;Lm+h#/{mnLhr<J*ZT"},"uh&E`lg":{"p>6I}}X!Ify5nG":"{kVkKaE,)TUpFp9'<bR|DpC)`!$Wi0P/",">Mkj":null,"n;MSGkX%KG3C}/CRg":49747728727602307918497.6412,"Nvlj:lN:G":"AP#ETd|H6FV5$~e~n{.hIydzry6FF,RtdH_",";Rd)/~i(E^!X~x=":null},"Y/Wg=Z|<Zu.=s'tuW":{"`4R:FY9Y4A}971":431663126802298693504528311582680,"_Z;Ti.;Pre":"r/anzHKsbV","I:=H+:ETx^j(G.c(X+am1LAhEv(HOZuLLw?_^{hQ":6186780840.33508145648599884377720088253700585,"6,y;i&tt/G.C//LqkOu'xdv!V'u*INqYt&Nhq>":"^B<","sY`L.p`AvCOL1wi(QNr75e":null,"?qluECzM/;,eyGh>:":36672291893182102113468312948713475277.950268757739466346589135827222134,"kI$?Y4Si|EZv.)1hqS":38439848881513491717501238140,"f:oVa":904,"=eNgLAC)zbl3X.{Bta2$zKi}FO<<Ge+kM6I":true,"svqlr":70,"zyi3pT)OPY^l/lR":169391800810287043,"%_}mduA:WE7_FnjH9d":false,"D05<PKjU0yEzsE%x+y|7":"t3t@6;#","jHDH5cG,xd'}+;0%h1I?xZbTo^Ga":93918819288044512648626.8386827614,"8f.XRk@e2*W}`":false,"g{<22qatrBfM*Z*^'bRN9W+?7W_A'IR:AOCRx":28153927518508483139.76685866520117630760468816748032848811,"jG":true,"fq_%Gbfns5WTl,0BMD(liCEA_Bx?'m|cT":null,":}1VG)%gTI+h1v3RT2hEJn%i7":true,"7kdjRU;WTuB1}3UvD`TbS":148216198884783188399.978760695496791036910859,"6/*i_J3+":true,"DXH@?1'X6G":false,"1{_h}qM'pAK9SnPf.%51N=":true},"C":{"{YoIso~~T}T:QDQx!:2g":true,"`c^6s0h`{CxnF^4X3.l;2HYsK|gB;":null,"G+vykSbb2afCQfpN":859187.12080492714480476572708800179,"d<,Q@j8?{wJrYP>Hc:)`,||b`L|L_{|y^a@ui_$":false,"R;x*iZ/k%.?8Q0}voq:xgyuU)4u":false,"}0H&.X>ZvxXO(xsZj`y?nM'BB~ztc%~C":"~qBpDUBrTQ@M:Vy^","SL/y#Psa8UZ;.1jv9+y&&MqC!":",1B(#+^#9YUo,~xSi","y2N<yF":null,"40TT*`J/&J@)e%rz3j{WAvF<7@1=4seEbKLN":"s5xF$`3r;t'",">7~YZKk0inO%Ug$|ydlDgC)uyB@7Sd":"=6Vyc@|s|Of@:=}Zo:HI.PVpKt|b_/k+Rv2Ep;y","NEWCL9@fT|$%":49636783646548878536872.507050861718700435365836829,"Qlc~huf|":false,"'VLTJQ|tb^Ne63dNnJq":"Uz%C+","1}rHp&6)+YqRB<)lW7$#vmPV+a^":null,"uJJ(:g^_w~gb3&":"0&ei8%M2j3W62&W","zG$1I9":"r_>=E'NiZ","}kAfVWvvN":null,"'snT3RL.*XH$#lz;E1A/b;cP":false,"o;&Fgp":"HsFEHae}fGlzUDc^txdeHw","}<ZJKSPzqk$I9V{Q}&4":3812,"R+54.izF&_S|V":false,">(A+B}V23r0Qz$g/XZA2IT$XO6o=*":58538197342440349475707980823868,"^1oqv:@Z":897766304548493594478566893.5082638482011219669,"k(21acBgeim/D^3IQ?IwU,U%+81u2":null,"Uf{":true,"9HKY@:5x:R46)g":18220708558895,"a":null,"<8|Iikm7xv/GzYg4<DRmdxV":"pf@22qRn{9Pal&(YmU~`.3X#o('V:Z&.28ynL3","'|'<BU~Qvfb3#79":"'d{=)'EDV*Uyr`gYgX!l~,.)c,n>|m/q6Nkb1","0i?ehXf%J&ym*q'Ml)<B`I)^!!X?$NUR":69887848185408236704187588321248968.38769871530,"ANpyg~?f<+Qb13t_2KS64G@+}}(;|JK":58629737819440323672901081.844827836111209833,"H'14ar0`r,!3+&AOyajKj&G6Y@G!o":3433690708427.18110812623718011,"4Kw<P`wAk?<+/N>oSwmnj~q9$.":null}}