{"g0D7XygtF7t.<+TiO:4HDo?/!qENcAL$A:qVTr":{"mzr5/r_*D(Zn2JgdG3EXlWi+$Zl^%zD,k(OW":82808680228834281085354418644215581.64,"N8h&^GIr0~_lw$oCq@=E":"/:kzl^thGO)ZY28Ob.r",",/g8<$lHcQ/QRb?JHp%/c":"v","{uN(G}K|yr+M>vP}#Ck":48850930155952528134883619679,"Va":28358872476144483701884717.437921767146949228531344218976,"3C,!wx+6^MJVzg1+|X":true,"%bUMJ|":2,"k.&:$>&ET_W,A8lPemRYVimIlzo":35.8721411712742105845358,"O":3899074348563420408684735431556892675555.7657642085783714658162590596893,"?iD@=i}L0dOATlfkliGPvlrdNks#*,zK01a>M":false,"/R6Q<)$b":true,"m1%1/yzu:x2G~M{sVTs8W5#bY7<s6)3u8@7x":882076882580774.8018950190972005777899960865825856009870,"zBA":10230131019546792368784836607101683905,"h}k)dP>J4dGarF%!4Dnr*A`*w'%):Nb4MRM=F":null,"q~1y5JBMsk&,Ho3p4/BLO*c@yf?:QAaiq,":false,"`_L%;2*f})$0q'O#6fG":5411029,"G&?rm;op(":null,"V1~*qxeZY{m;(ehfs0hLicad^o!%`Dc":null,"CN)D#.P3S.tU5h>dX?+HAiz^$i)#B'}o9uujU~":870839948435729.8515403354856184,"sarN/_":true},"D^Vsc^^?MaJtj#Jk2{1mQM}O_()Lzr":{"}+,Tc":8874625863673.83841282,"*Q8io7w%&By!}UuA=f_erocghSoTPUmx8B,z~":false,"<(Z./:Y/&N~Jmrnh%2s5":3389578445201,"A<{?pL&WzRiU9=1UF,1C>F":true,"1c59>w:hA'P":716575097958,",G^OviS:XX0},A>i2":null,"(jzok7AJB,}EHC":false,"Mmue{KeU95":false,"`kNK$":true,"4;{X(+|.vX":false,"ymLo=3dgdf*/HOYInV/SC:":258992759.580080844008619186756187053753374,"H>":true,"rx9qOp5$xa<AK":395285476362828785769169875.4,"h;D'UL?zCQ=TpyNBj&7lm":"M+cYyx>2/xxN0!Uc}BE7:7M7","/1@;YkxrK?E2Z/;~r1Ijm}{IHbpej}4pX<Sq<":null,"m:|{W8B)eS":5847,"F|NDgE/vg1wt,.3'reB1&I6":5388055892280260981553287827.418830589715287484,"uDH8C*}&P)4dQcHC~G,;}U^3U":19822958711483.863888098499377180256103790702581659767,"zNRPxCHhU&aF#vr4*X`j":null},"dH$3n(DR7":73801291870.336958858125204,"0+alU`jSa+q.jC+WtJ_f?2~%bgMtM":[true,true,null,null,null,84136073084458249833383588181186,true,"Z;zqy<#6Q~VBTloh9T{<X?g(.v","{'7:t9^4uFFxPGc4o1k_$=f!uo4deOE",null,8038781951246726.99198216879983488183338330183983293742,389289397344812954542333586285631802453.848977293707522655819196564685843475,303715828571968660.6602337503364474059858088368776075,true,null,true,null,")B~`xB7!",null,4856561099168488525241424138610758798036.80201965530002683673936892342401,null,33037309276538185848650262001.92592395930151977638972364,null,1960368198269781588689601849.85308197994,967.18397668553988179,null,"uaR)oM_1|eOT6V7UGO9!dlG`xm0+|rOXamVV,",377005266066818118086739189467442.250672649,85190847578848067558086310957550800.9479786716588212798986980363304257783004,"kKVcZV",true,null,false,false,3366283908826213.344685,925126136445388898388626568106,186486807518854698345.448182720],"{{kMeFL@+s=>#2N9(Nz%`8hj4f`^T:}2ZJ":false}