{">&j%?Fn:xjQeiFzP?im":false,"Q~mpG'y4mGUR;RT~K/st|1rL3&ttZ|Vo":false,"C<<N>k.YYvFCZ_6!)4GhfnGryzjqc#/M{w/":"MpX>b:#=hhh#91DF(.#uzV/^B","L;afU+b9<mDFsAZ6dk)+$=&:f":{"2l&.oeO_00+JV.%lAqe*S#7@XHO5$":false,"bx43+prAT$rpY":1023024874650086107874235608339111122.8853545147,"DASra/hwv5'=L0;DO=>JT&?":true,"3V55l,`?7Yqic5R'dH)Gd0$gVoS(":"4IQq05c`F~^5E0z;yv;ehQq.Zo_p^*d#+=%H;9","*2|svI}e`NBSfV#3SH)T11fu)A":9113300801688889,"8&eS5%|BD,~Qj!2Yk8dh.l3":18801866162636713878599428332428,"G}h,xk5rEVh8NGu":46330539,"%7VNww~":5911891275580506542045534448888725.816905777686883882050818,"}Ne%fUFIF|%)Q!RqLmew9ML'(A5T?h#N6w)k>#c3":true,"V*6xE.o|8o>/Hmqb7LSD?IH'k1CQ":1523282757138497097259151125287.86687335,"th2FotFh2(rQ?FlRn":475680620155698808218,"/An;<|OS4yd?UVG<U>LQ!X,":"vF1ZW,+yEmUq!t6}l/","&y9":98704843367821,"C":341741978464097715127597,"oY/e~P:%78QA>_Pe8~HSJ{E14!M=a":8797095515210835393791640,"Wc1?@235%":"O>Ruylc4e/Nq@*&zqC>j7L%WjoG{``","Q|":15195652766347925208198957.344,"#=!i?Idk?^kng0ddy@0L6@V":98273.832930786083857848209373384043630251648,"`TJ+DLmVH$>yi_ri1HApY01pJdro/`JFC0":false,"#UN8k+Cq0Pz<SzakhM=Wa":false,"ouzm":80.99832268,"@a0kuv#$%,R6;NvG5*M'FoaD)tn='qWP&c<":"<:b<weV","CyT+zV!CM*`8rV~OUolG9_1T:)2BRlo":2860591487653609368512866414614761,"y":"$KS<","2~K|?kb~<kKQk@^9=GS/!f8(vhzS0{mD<0weMA":52028564568008508.81048356319503095244854930647185018,"l.df|/&":140983448065365,"nl#qE%HeJ_^":8498829527064794835551,"=vQiexP9!Oj,M?Ezzt;":3,"lYcy+eFl~fqEC(KEV,#F7.B1:v;":9317047788015014113086247390632359088175.67118812338738613772883827848739,",I<!(.ZZRxok7{k1_<7Gi7Nx{g^Ev":1880334054.9395508788178685495,"={yOt{1lBs":"PzeaA4pN$F","&hmrs}#LGHuWuWdrdc~mYf6mb!{W4uO:{w":838362573978766595138140895022818,"z&@_4=ajP;&3s5":657023100817428476888,"yJYCl%+^1Ih":7145884628168301174853257600287941235,"qGB5:Br:VFrlo@1q;!zfLBADizfO#>fL9_o~":81036228104278220498719,"PHCCf,qKhR$eT8/w9WqdiM":"n3oYrTrG4+jd7y@77/>#6v#!=0H+#)"},"xf0#<{dz*Q:q<u.uJm5R3eU'$4)*1CKOj":{"V/k>!:}<5fEL7}Wp":"PZ?!Ii'Q$A_#oUp{","cGkKh":false,"eVjN5WB":true,"&JzK;4D#|N1ct|G<r":17271087708283676806808138021371533685982,"9`Y>lHbGhwdb_":true,"'4>pxf8AviSJM9n^$FwuLY~YdT~^a>#o0zfo":4083767383106565,"A?(j+4NwlNl~/M.6But2RJrIw!)":3615646513626421778843358371,"Qf&&rX:mcsflG46_|=++zq&,2":2838279061085846940,"W'IroOhC?;S?bsTB&AE9(QU<79M":true,"+9an,":"`3qn9;Re46k*dH",":m.4/t*)K":false,"2?Ws{C2hf'!av@@d0fIV+l0R5EXOvV|":"sVGuyLF{rUd=.",".}PfN3m`Yov0`ao<JWIaP":441831506408576680086286185222680,"Q<o5Qa@GoI(<KG//ip2nYV5$XBa":55831854960.86719262969284042505290237,"fRiL4c%jkx:":2234343.13,")ch#":955443485206847229492255118203250819898,"L:<{'@Pc92&n<?Ugq5rgAJf}INO*iVTF":17308923982543559738466998719426638.17948580336839242288807,"4~_:dPl":8322903380782919480876243.575356558,"|gfPEzuKq9;xO":511891829599492.38365486475038972833628128985258184,"z/{v9<'e/O~43'Vg4^6Q2p/":"3T5Vl^+VXtej","gVYXpm'd<2/XagOB1s%RLIB%#%I3":false,"_&WB>1/m%/SL20wfuf0pN!7f#PncM%{jq*@":88.4060983840066188,"Ung/0?2bZEN2ZZ+3(X%":65131873720862353141.958144834741946478251099840514458,"UZaH":"b:`IwjLPoWbw4He.4hosS6B@Q)14cal33G|)hS","pLSG&Ko8W9`oE`$#J{3;":true,"n^3p/5f.mD=":"jT=6kEg$Zq2RBe","!$sbHLOnMY#Pjaudc2ctC:,,qEsi":false,"C+ojt%|HhX7e8E|p@":",OIzoAX6<'Lrp","4.21PNKxt'2ABUzU'^@":4365552877883535091974941765783728.7,"SReD{fQ7o!r^AGb%3J{o#o$6!C!{yulj":false,"hWH`AZyHGj?BdIDp*4BG^":88908376788599864659378383209018608072463,"sJYmQ3r(|s;Ar7|P53p3Q>TIL$k&_h5j`s":false,"C|/'sw`$'eG*M'+!)'&1y$MlNm`":80656015147315604112361729422798802898848,"&SJF;Sb`?:AUh,*n_8:>|9k~pRJdk0C,@.5|Ee5y":"7(^:'ZT'63*^KUtLJcT^h=08v@E':enBA9","gh@*PjB":"^J_&(6%%)#"}}